year,name,price,brand
2012,Running adiZero Rush Shoes,100,adidas
2012,Running adiZero Rush Shoes,100,adidas
2012,Football adiZero 5-Star Cleats,100,adidas
2012,Soccer F50 adiZero TRX FG Cleats,200,adidas
2012,Wrestling adiZero Sydney Shoes,99,adidas
2012,Running adiZero Aegis 2 Shoes,125,adidas
2012,Football adiZero Five-Star Cleats,100,adidas
2012,Basketball adiZero Crazy Light Low Shoes,115,adidas
2012,Basketball adizero Shadow Shoes,100,adidas
2012,Soccer F50 adiZero TRX FG Cleats,210,adidas
2012,Football adiZero Five-Star Cleats,100,adidas
2012,Soccer F50 adiZero TRX FG Leather Cleats,120,adidas
2012,occer F50 adiZero TRX FG Cleats,200,adidas
2012,Football adiZero Five-Star Cleats,100,adidas
2012,Training adiZero F50 Trainer Shoes,80,adidas
2012,Basketball adiZero Crazy Light Low Shoes,115,adidas
2012,Running adiZero Sonic 3 Shoes,85,adidas
2012,Basketball adiZero Crazy Light Shoes,130,adidas
2012,Training adiZero BOUNCE Trainer Shoes,120,adidas
2012,Running adiZero Mana 6 Shoes,85,adidas
2012,Basketball adiZero Crazy Light Shoes,130,adidas
2012,Football adiZero Five-Star Cleats,100,adidas
2012,Running RESPONSE Trail 18 Shoes,65,adidas
2013,'s Running adiZero Rush Shoes,110,adidas
2013,'s Running adiZero Rush Shoes,105,adidas
2013,'s Football adiZero 5-Star Cleats,120,adidas
2013,'s Soccer F50 adiZero TRX FG Cleats,220,adidas
2013,'s Wrestling adiZero Sydney Shoes,110,adidas
2013,'s Running adiZero Aegis 2 Shoes,160,adidas
2013,'s Football adiZero Five-Star Cleats,22,adidas
2013,'s Basketball adiZero Crazy Light Low Shoes,220,adidas
2013,'s Basketball adizero Shadow Shoes,120,adidas
2013,'s Soccer F50 adiZero TRX FG Cleats,210,adidas
2013,'s Football adiZero Five-Star Cleats,100,adidas
2013,'s Soccer F50 adiZero TRX FG Leather Cleats,120,adidas
2013,'s Soccer F50 adiZero TRX FG Cleats,220,adidas
2013,'s Football adiZero Five-Star Cleats,100,adidas
2013,'s Training adiZero F50 Trainer Shoes,90,adidas
2013,'s Basketball adiZero Crazy Light Low Shoes,120,adidas
2013,'s Running adiZero Sonic 3 Shoes,85,adidas
2013,'s Basketball adiZero Crazy Light Shoes,150,adidas
2013,'s Training adiZero BOUNCE Trainer Shoes,160,adidas
2013,'s Running adiZero Mana 6 Shoes,85,adidas
2013,'s Basketball adiZero Crazy Light Shoes,160,adidas
2013,'s Football adiZero Five-Star Cleats,100,adidas
2013,'s Running RESPONSE Trail 18 Shoes,90,adidas
2014,Men's Running Springblade Razor Shoes,110,adidas
2014,Men's Running Springblade Razor Shoes,105,adidas
2014,Men's Running Springblade Shoes,120,adidas
2014,Men's Running Springblade Shoes,220,adidas
2014,Men's Running Springblade Shoes,110,adidas
2014,Men's Soccer 11Pro TRX FG Samba Pack Cleats,160,adidas
2014,Men's Soccer F50 Adizero TRX FG Samba Pack Cleats,22,adidas
2014,Men's Running Energy Boost Shoes,220,adidas
2014,Men's Running Energy Boost Shoes,120,adidas
2014,Men's Basketball mi D Rose 4.5 Custom Shoes,210,adidas
2014,Men's Soccer Samba Millennium Leather IN Shoes,100,adidas
2014,Men's Soccer Samba Classic Shoes,120,adidas
2014,Unisex Track & Field Jumpstar Allround Track Spikes,220,adidas
2014,Men's Basketball Crazy 8 Shoes,100,adidas
2014,Men's Basketball D-Rose Englewood 2.0 Shoes,90,adidas
2014,Men's Soccer 11 Nova TRX FG Cleats,120,adidas
2014,Men's Soccer 11Pro TRX FG Cleats,85,adidas
2014,Men's Running adipure Crazyquick Shoes,150,adidas
2014,Men's Soccer Freefootball Janeirinha Shoes,160,adidas
2014,Men's Soccer Freefootball Janeirinha Shoes,85,adidas
2015,Ultra Boost Shoes,160,adidas
2015,Pure Boost Shoes,100,adidas
2015,Pure Boost 2.0 Shoes,90,adidas
2015,Pure Boost Shoes,100,adidas
2015,Pure Boost 2.0 Shoes,100,adidas
2015,Pure Boost 2.0 Shoes,100,adidas
2015,Pure Boost Shoes,200,adidas
2015,ff boost,99,adidas
2015,Supernova Glide Boost ATR Shoes,125,adidas
2015,Supernova Glide ATR Shoes,100,adidas
2015,Supernova Glide Boost 7 Shoes,115,adidas
2015,Supernova Glide Boost 7 Shoes,100,adidas
2015,Supernova Glide Boost 7 Shoes,210,adidas
2015,Supernova Sequence Boost 7 Shoes,100,adidas
2015,Supernova Sequence Boost 7 Shoes,120,adidas
2015,Supernova Sequence Boost 7 Shoes,200,adidas
2015,Supernova Sequence Boost 7 Wide Shoes,100,adidas
2015,F50 adizero FG Cleats,80,adidas
2015,Predator Instinct FG Cleats,115,adidas
2015,Nitrocharge 1 FG Cleats,85,adidas
2015,11Pro FG,130,adidas
2015,11 Pro FG Cleats,120,adidas
2015,METRO ATTITUDE,85,adidas
2015,TOP TEN HI,130,adidas
2015,TOP TEN HI,100,adidas
2015,TUBULAR RUNNER,65,adidas
2015,Superstar East River Rivalry Shoes,110,adidas
2015,Superstar East River Rivalry Shoes,105,adidas
2015,Superstar East River Rivalry Shoes,120,adidas
2015,Superstar East River Rivalry Shoes,220,adidas
2015,Superstar East River Rivalry Shoes,110,adidas
2015,Superstar East River Rivalry Shoes,160,adidas
2015,Superstar Shoes,22,adidas
2015,Superstar Shoes,220,adidas
2015,Superstar Shoes,120,adidas
2015,Superstar 80s Pioneers Nigo Shoes,210,adidas
2015,RG3 Cleats,100,adidas
2015,D Rose 5 Boost Shoes,120,adidas
2015,Pureboost Shoes,220,adidas
2015,D Rose 5 Boost Shoes,100,adidas
2015,Pureboost Shoes,90,adidas
2015,D Rose 5 Boost Shoes,120,adidas
2015,D Rose 5 Boost Shoes,85,adidas
2015,D Rose 5 Boost Shoes,150,adidas
2015,Climaheat Rocket Boost Shoes,160,adidas
2015,D Rose Lakeshore Boost Shoes,85,adidas
2015,D Rose Lakeshore Boost Shoes,160,adidas
2015,D Rose Lakeshore Boost Shoes,100,adidas
2016,Ultra Boost Shoes,90,adidas
2016,Ultra Boost Shoes,110,adidas
2016,Pure Boost X Shoes,105,adidas
2016,ACE 16+ PURECONTROL Firm Ground Cleats,120,adidas
2016,D Lillard 2.0 Shoes,220,adidas
2016,Ultra Boost Shoes,110,adidas
2016,Pure Boost X Shoes,160,adidas
2016,ACE 16+ PURECONTROL Firm Ground Cleats,200,adidas
2016,Ultra Boost Shoes,220,adidas
2016,ACE 16.1 Primeknit Firm Ground Cleats,120,adidas
2016,ACE 16.1 Primeknit Firm Ground Cleats,210,adidas
2016,Pure Boost X Shoes,100,adidas
2016,Crazylight Boost 2.5 Low,120,adidas
2016,Superstar Foundation Shoes,220,adidas
2016,Ultra Boost Shoes,100,adidas
2016,Superstar Shoes,90,adidas
2016,Superstar Shoes,120,adidas
2016,Superstar RT Shoes,85,adidas
2016,Pure Boost X Shoes,150,adidas
2016,Pure Boost X Shoes,160,adidas
2016,D Rose 6 Boost Shoes,85,adidas
2016,Superstar Shoes,160,adidas
2016,Superstar Foundation Shoes,100,adidas
2016,Superstar Foundation Shoes,90,adidas
2016,Superstar Foundation Shoes,120,adidas
2016,Pure Boost X Training Shoes,210,adidas
2016,Pure Boost X Training Shoes,100,adidas
2016,D Lillard 2.0 Boost Primeknit Shoes,120,adidas
2016,Superstar Glow-in-the Dark Shoes,220,adidas
2016,Superstar Glow-in-the Dark Shoes,100,adidas
2016,Ultra Boost Shoes,90,adidas
2016,Ultra Boost ST Shoes,120,adidas
2016,Ultra Boost ST Shoes,85,adidas
2016,Ultra Boost ST Shoes,150,adidas
2016,D Rose 6 Primeknit Boost Shoes,160,adidas
2016,ACE 16.2 Primemesh Firm Ground Cleats,85,adidas
2016,Ultra Boost Shoes,160,adidas
2016,Ultra Boost Shoes,100,adidas
2016,Stan Smith Shoes,90,adidas
2016,Stan Smith Shoes,100,adidas
2016,Stan Smith Shoes,100,adidas
2016,Ultra Boost Shoes,100,adidas
2016,Ultra Boost ST Shoes,200,adidas
2016,Ultra Boost ST Shoes,99,adidas
2016,Stan Smith Shoes,125,adidas
2016,ACE 16.3 Primemesh Indoor Shoes,100,adidas
2016,Stan Smith Shoes,115,adidas
2016,J Wall Primeknit Boost 2.0 Shoes,100,adidas
2017,ULTRABOOST Parley Shoes,210,adidas
2017,UltraBOOST Uncaged Parley Shoes,100,adidas
2017,ULTRABOOST Uncaged Shoes,120,adidas
2017,alphabounce Reigning Champ Shoes,200,adidas
2017,Energy Boost 3 Shoes,100,adidas
2017,PureBOOST LTD Shoes,80,adidas
2017,Stan Smith Boost Shoes,115,adidas
2017,PureBOOST LTD Shoes,85,adidas
2017,Stan Smith Primeknit Shoes,130,adidas
2017,PureBOOST Shoes,120,adidas
2017,Pure Boost Clima Shoes,85,adidas
2017,Pure Boost Clima Shoes,130,adidas
2017,Pure Boost Shoes,100,adidas
2017,Pure Boost Shoes,65,adidas
2017,PureBOOST Shoes,110,adidas
2017,PureBOOST Shoes,105,adidas
2017,Superstar Boost Shoes,120,adidas
2017,Superstar Boost Shoes,220,adidas
2017,Superstar Boost Shoes,110,adidas
2017,Superstar Boost Shoes,160,adidas
2017,Superstar Boost Shoes,200,adidas
2017,Superstar Shoes,220,adidas
2017,Superstar Shoes,120,adidas
2017,Superstar Shoes,210,adidas
2017,Superstar Shoes,100,adidas
2017,Superstar Shoes,120,adidas
2017,Superstar Shoes,220,adidas
2017,Superstar Shoes,100,adidas
2017,Superstar Shoes,90,adidas
2017,Superstar Primeknit Shoes,120,adidas
2017,Superstar Boost Shoes,85,adidas
2017,Superstar Boost Shoes,150,adidas
2017,Superstar Shoes,160,adidas
2017,Superstar 80s Shoes,85,adidas
2017,Superstar 80s Shoes,160,adidas
2017,Superstar Shoes,100,adidas
2017,Superstar Shoes,90,adidas
2017,Stan Smith Shoes,110,adidas
2017,Superstar Primeknit Shoes,105,adidas
2017,Gazelle Shoes,120,adidas
2017,Stan Smith Shoes,220,adidas
2017,Stan Smith Shoes,110,adidas
2017,adizero Primeknit LTD Shoes,160,adidas
2017,Stan Smith Boost Shoes,200,adidas
2017,Stan Smith Boost Shoes,220,adidas
2017,Stan Smith Shoes,120,adidas
2017,Stan Smith Shoes,210,adidas
2017,Stan Smith Shoes,100,adidas
2018,Ultraboost Shoes,120,adidas
2018,Ultraboost Shoes,220,adidas
2018,Ultraboost Parley Shoes,100,adidas
2018,Ultraboost Shoes,190,adidas
2018,Ultraboost Parley Shoes,220,adidas
2018,Ultraboost Uncaged Parley Shoes,185,adidas
2018,POD-S3.1 Shoes,150,adidas
2018,POD-S3.1 Shoes,160,adidas
2018,POD-S3.1 Shoes,185,adidas
2018,Ultraboost Clima Shoes,160,adidas
2018,Ultraboost Parley Shoes,100,adidas
2018,Ultraboost Parley Shoes,190,adidas
2018,Ultraboost Parley LTD Shoes,220,adidas
2018,Pureboost Go Shoes,220,adidas
2018,Pureboost Go Shoes,210,adidas
2018,Ultraboost Clima Shoes,100,adidas
2018,Ultraboost Laceless Parley Shoes,220,adidas
2018,Ultraboost Shoes,220,adidas
2018,Ultraboost Shoes,100,adidas
2018,Ultraboost Shoes,90,adidas
2018,Ultraboost Shoes,120,adidas
2018,Ultraboost Shoes,185,adidas
2018,Ultraboost Shoes,150,adidas
2018,Ultraboost Shoes,160,adidas
2018,Ultraboost Shoes,185,adidas
2018,Ultraboost Shoes,160,adidas
2018,Ultraboost X Parley Shoes,100,adidas
2018,Sobakov Shoes,190,adidas
2018,Sobakov Shoes,110,adidas
2018,ZX 500 RM Shoes,105,adidas
2018,Ultraboost Clima Shoes,120,adidas
2018,Ultraboost Clima Shoes,220,adidas
2018,Ultraboost Clima Shoes,110,adidas
2018,ZX 500 RM Shoes,160,adidas
2018,Alphabounce Instinct Shoes,200,adidas
2018,Alphabounce Instinct Shoes,220,adidas
2018,Alphabounce Instinct Shoes,120,adidas
2018,Ultraboost ST Parley Shoes,210,adidas
2018,Alphabounce Instinct Shoes,100,adidas
2018,Alphabounce Instinct Shoes,120,adidas
2018,Solarboost Shoes,220,adidas
2018,Solarboost Shoes,100,adidas
2018,Solarboost Shoes,190,adidas
2018,Solar Glide Shoes,120,adidas
2018,Solar Glide ST Shoes,185,adidas
2018,SPEEDFACTORY AM4NYC Shoes,150,adidas
2018,Alphabounce Instinct Shoes,160,adidas
2018,SPEEDFACTORY AM4LDN Shoes,185,adidas
2019,ZX 500 RM Shoes,160,adidas
2019,Ultraboost Clima Shoes,100,adidas
2019,Ultraboost Clima Shoes,190,adidas
2019,Ultraboost Clima Shoes,120,adidas
2019,ZX 500 RM Shoes,185,adidas
2019,Alphabounce Instinct Shoes,150,adidas
2019,Alphabounce Instinct Shoes,160,adidas
2019,Alphabounce Instinct Shoes,185,adidas
2019,Ultraboost ST Parley Shoes,160,adidas
2019,Alphabounce Instinct Shoes,100,adidas
2019,Alphabounce Instinct Shoes,190,adidas
2019,Solarboost Shoes,110,adidas
2019,Solarboost Shoes,105,adidas
2019,Solarboost Shoes,120,adidas
2019,Solar Glide Shoes,220,adidas
2019,Solar Glide ST Shoes,110,adidas
2019,SPEEDFACTORY AM4NYC Shoes,160,adidas
2019,Alphabounce Instinct Shoes,200,adidas
2019,SPEEDFACTORY AM4LDN Shoes,220,adidas
2019,Ultraboost Clima Shoes,120,adidas
2019,ZX 500 RM Shoes,210,adidas
2019,Alphabounce Instinct Shoes,100,adidas
2019,Alphabounce Instinct Shoes,120,adidas
2019,Alphabounce Instinct Shoes,220,adidas
2019,Ultraboost ST Parley Shoes,100,adidas
2019,Alphabounce Instinct Shoes,190,adidas
2020,Primeblue Ultraboost 20 Shoes,220,adidas
2020,Superstar Shoes,185,adidas
2020,OZWEEGO Shoes,250,adidas
2020,Ultraboost 20 Shoes,160,adidas
2020,Ultraboost 20 Shoes,185,adidas
2020,Superstar Shoes,160,adidas
2020,NMD_R1 Shoes,250,adidas
2020,Superstar Jelly Shoes,190,adidas
2020,Superstar Jelly Shoes,220,adidas
2020,Adilette Slides,185,adidas
2020,Puremotion Adapt Shoes,150,adidas
2020,NMD_R1 Shoes,260,adidas
2020,Ultraboost 20 Shoes,185,adidas
2020,Ultraboost SUMMER.RDY Shoes,260,adidas
2020,NMD_R1 Shoes,200,adidas
2020,Ultraboost 20 Shoes,190,adidas
2020,NMD_R1 Shoes,190,adidas
2020,Ultraboost DNA Shoes,205,adidas
2020,NMD_R1 V2 Shoes,190,adidas
2020,Continental 80 Shoes,220,adidas
2020,NMD_R1 Shoes,150,adidas
2020,Ultraboost 20 Shoes,160,adidas
2020,Ultraboost SUMMER.RDY Shoes,200,adidas
2020,Adilette Cloudfoam Slides,220,adidas
2020,Ultraboost 20 Shoes,120,adidas
2020,Ultraboost 20 Shoes,210,adidas
2020,Ultraboost 20 Shoes,120,adidas
2020,Cloudfoam QT Racer Shoes,120,adidas
2020,Stan Smith Shoes,220,adidas
2020,NMD_R1 V2 Shoes,100,adidas
2020,Ultraboost 20 Shoes,190,adidas
2020,NMD_R1 Shoes,120,adidas
2020,NMD_R1 Shoes,185,adidas
2020,Ultraboost 20 Shoes,150,adidas
2020,Swift Run Shoes,160,adidas
2020,Ultraboost 20 Shoes,185,adidas
2020,NMD_R1 Shoes,160,adidas
2020,Superstar Shoes,150,adidas
2020,NMD_R1 Shoes,190,adidas
2020,Stan Smith Shoes,160,adidas
2020,Swift Run Shoes,185,adidas
2020,NMD_R1 Shoes,160,adidas
2020,Ultraboost 20 Shoes,250,adidas
2020,Stan Smith Shoes,190,adidas
2020,NMD_R1 Shoes,220,adidas
2020,Adilette Boost Slides,185,adidas
2020,Adilette Comfort Slides,150,adidas
2020,Cloudfoam Pure Shoes,260,adidas
2021,Court Rallye Slip Shoes,185,adidas
2021,Ultraboost 5.0 DNA Shoes,260,adidas
2021,Climacool Vento HEAT.RDY Shoes,200,adidas
2021,Ultraboost 4.0 DNA Shoes,190,adidas
2021,Ultraboost 21 Shoes,190,adidas
2021,Climacool Vento Shoes,205,adidas
2021,NMD_R1 Spectoo Shoes,190,adidas
2021,Kaptir Super Shoes,220,adidas
2021,Kaptir Super Shoes,150,adidas
2021,Lite Racer Adapt 3.0 Shoes,160,adidas
2021,Daily 3.0 Shoes,200,adidas
2021,NMD_R1 Shoes,220,adidas
2021,Ultraboost DNA Black Python Shoes,120,adidas
2021,Ultra4D Shoes,210,adidas
2021,X9000L3 Shoes,120,adidas
2021,Daily 3.0 Shoes,120,adidas
2021,Coreracer Shoes,220,adidas
2021,Kaptir Shoes,100,adidas
2021,Kaptir Super Shoes,190,adidas
2021,Ultraboost DNA Leopard Shoes,120,adidas
2021,Lite Racer Adapt 3.0 Shoes,185,adidas
2021,Adilette Aqua Slides,150,adidas
2021,Ultraboost 21 Shoes,160,adidas
2021,Ultraboost DNA Shoes,185,adidas
2021,Superstar Shoes,160,adidas
2021,Adilette Aqua Slides,150,adidas
2021,NMD_R1 Primeknit Shoes,190,adidas
2021,NMD_R1 Shoes,160,adidas
2021,Nizza RF Hi Shoes,185,adidas
2021,Adilette Shower Slides,160,adidas
2021,Response Super Shoes,250,adidas
2021,NMD_R1 Shoes,190,adidas
2021,NMD_R1 Shoes,220,adidas
2021,NMD_R1 Shoes,185,adidas
2021,Adilette Comfort Slides,150,adidas
2021,Ultraboost 5.0 DNA Shoes,260,adidas
2021,Ultraboost 4.0 DNA Shoes,185,adidas
2021,Adissage Slides,260,adidas
2021,Ultraboost 4.0 DNA Shoes,200,adidas
2021,Ultraboost 4.0 DNA Shoes,190,adidas
2021,Superstar Shoes,190,adidas
2021,Kaptir Shoes,205,adidas
2021,Delpala Shoes,190,adidas
2012,NIKE LUNARGLIDE+ 4 ,145,nike
2012,NIKE FREE RUN 3 HYBRID ,130,nike
2012,JORDAN SPIZIKE ,210,nike
2013,Nike Air Max+ 2013,180,nike
2013,Nike Air Max+ 2013 iD,220,nike
2013,LeBron X,180,nike
2013,LeBron X iD,230,nike
2013,Nike Flyknit Lunar1+,160,nike
2013,Nike Flyknit Lunar1+ iD,200,nike
2013,Nike Flyknit Lunar1+ iD,200,nike
2013,Nike Free 5.0+,100,nike
2013,Nike Free 5.0+ iD,135,nike
2013,Nike Air Max+ 2013,180,nike
2013,Nike Air Max+ 2013 iD,220,nike
2013,Nike Free 5.0+,100,nike
2013,Nike Free 5.0+ iD,135,nike
2013,Nike Dri-FIT Flat-Front Tech,80,nike
2013,Nike Free Trainer 5.0,95,nike
2013,Nike Free Trainer 5.0 iD,135,nike
2013,Nike CTR360 Maestri III FG,200,nike
2013,Nike Tiempo Legend IV FG,160,nike
2013,Nike Tiempo Legend IV iD,190,nike
2013,Nike Air Force 1 07,90,nike
2013,Nike Air Force 1 Low Premium iD,190,nike
2013,Nike Zoom Vapor 9 Tour,130,nike
2013,Nike Zoom Vapor 9 Tour iD Grass,165,nike
2013,Nike Zoom Vapor 9 Tour iD Hard Court,165,nike
2013,Nike Zoom Vapor 9 Tour iD Clay,165,nike
2013,Nike Studio Wrap Pack,110,nike
2013,Nike Air Max Courtballistec 4.3,130,nike
2013,Nike Air Max LeBron X Low,165,nike
2013,Nike Zoom Courtlite 3,80,nike
2013,Nike Free Trainer 7.0,110,nike
2013,Nike Free 3.0,110,nike
2013,Nike Free 3.0 iD,135,nike
2013,Nike Free 3.0 iD,135,nike
2013,Jordan Spizike iD,210,nike
2013,Nike Flyknit Lunar1+,160,nike
2013,Nike Flyknit Lunar1+ iD,200,nike
2013,Nike Flyknit Lunar1+ iD,200,nike
2013,Nike LunarGlide+ 4,110,nike
2013,Nike Mercurial Vapor IX FG,225,nike
2013,Nike Mercurial Vapor IX FG iD,265,nike
2013,Nike City Court VII,60,nike
2013,Nike Air Max+ 2013 Premium,190,nike
2013,Nike Free Trainer 3.0,110,nike
2013,Nike Lunar Hyperdunk 2012,140,nike
2013,Nike Hyperdunk iD,180,nike
2013,Nike LunarEclipse+ 3,135,nike
2013,LeBron X PS Elite,260,nike
2013,LeBron X PS Elite,260,nike
2013,LeBron X PS Elite,260,nike
2013,LeBron X P.S. Elite iD,310,nike
2013,Nike Dunk Sky Hi Print,120,nike
2013,KD V Elite,180,nike
2013,Nike LunarGlide+ 4,110,nike
2014,Kobe 8 System GUMBO iD,195,nike
2014,Nike Free 5.0+ iD,135,nike
2014,Nike Free TR 4 iD,140,nike
2014,KD VI GUMBO iD,195,nike
2014,LeBron 11 GUMBO iD,265,nike
2014,Nike Flyknit Lunar2,150,nike
2014,Nike Flyknit Air Max,225,nike
2014,LeBron 11,200,nike
2014,Nike Zoom Kobe Venomenon 4,120,nike
2014,Kobe 8 System,160,nike
2014,Nike Flyknit Air Max,225,nike
2014,Nike Free TR 4 iD,140,nike
2014,Nike Studio Wrap Pack,110,nike
2014,Nike Dunk Sky Hi Print,125,nike
2014,Nike Air Max Lunar90,130,nike
2014,Nike Air Max 2014,145,nike
2014,LeBron 11,140,nike
2014,Nike Free 5.0 LE (3.5y-7y),87,nike
2014,Nike Air Pegasus+ 30,75,nike
2014,Nike Lunar Sprint LE,100,nike
2014,Nike Free 5.0,82,nike
2014,Nike Tailwind 6,100,nike
2014,Nike Air Max 2014,145,nike
2014,Nike Air Pegasus+ 30,75,nike
2014,Nike Roshe Run,60,nike
2015,Nike Free 3.0 Flyknit,140,nike
2015,Nike Free 4.0 Flyknit,120,nike
2015,Nike Free 4.0 Flyknit iD,160,nike
2015,Nike Free 4.0 iD,140,nike
2015,Nike Free 5.0,100,nike
2015,Nike Free 5.0 iD,140,nike
2015,Nike Free Trainer 5.0 V6,100,nike
2015,Nike Free Trainer 5.0 V6 iD,140,nike
2015,Kobe X,180,nike
2015,Kobe X iD,225,nike
2015,Kyrie 1,110,nike
2015,Kyrie 1 iD,155,nike
2015,KD7,150,nike
2015,KD7 iD,195,nike
2015,LeBron 12,200,nike
2015,LeBron 12 iD,245,nike
2015,Nike Flyknit Lunar 3,150,nike
2015,Nike Flyknit Lunar 3 iD,190,nike
2015,Nike SB Stefan Janoski Max L,110,nike
2015,Nike SB Stefan Janoski Max iD,150,nike
2015,Nike Air Max 90 Essential,110,nike
2015,Nike Air Max 1 Essential,110,nike
2015,Nike Air Max Lunar90,140,nike
2015,Nike Air Max 90 iD,150,nike
2015,Nike Air Max 1 Ultra Moire,130,nike
2015,Nike Air Max 1 Ultra Moire iD,170,nike
2015,Nike Air Max 95,160,nike
2015,Nike Air Max 93,125,nike
2015,Nike Metcon 1,120,nike
2015,Nike Zoom Speed Trainer 2,90,nike
2015,Nike Free Trainer 3.0 V3,110,nike
2015,Nike Lunar Trainer 1,110,nike
2015,Jordan Dub Zero,160,nike
2015,Jordan Flight Runner 2,120,nike
2015,Jordan Super.Fly 3,140,nike
2015,Jordan FLIGHTFLEX,100,nike
2015,Nike Roshe One,75,nike
2015,Nike Air Huarache Run iD,140,nike
2015,Nike Air Max 1 Leather PA,140,nike
2015,Nike Air Force 1 07 LV8,100,nike
2015,Nike Mercurial Superfly FG CR7,300,nike
2015,Nike Mercurial Superfly CR AG-R,305,nike
2015,Nike Magista Obra FG,275,nike
2015,Nike LunarTempo,110,nike
2015,Nike Air Zoom Elite 7,110,nike
2015,Nike LunarGlide 6 iD,145,nike
2015,Nike LunarGlide 6,110,nike
2015,Nike TW '15,200,nike
2015,Nike Lunar Control 3,170,nike
2015,Nike Lunar Control 3 iD,210,nike
2015,Nike Lunar Clayton,250,nike
2015,Jordan Illusion,105,nike
2015,Jordan Melo 11,160,nike
2015,Nike Zoom Cage 2,120,nike
2015,Nike Zoom Vapor 9 Tour iD,165,nike
2015,Nike Air Zoom Structure 18,120,nike
2015,Nike Air Zoom Structure 18 iD,155,nike
2015,Nike Air Zoom Pegasus 31,100,nike
2015,Nike Air Zoom Pegasus 31 iD,135,nike
2015,Nike Flyknit Trainer Chukka SFB,200,nike
2016,Nike LunarEpic Low Flyknit ULTD,160,nike
2016,Nike Free RN Flyknit ULTD,130,nike
2016,Nike Zoom KD 9,150,nike
2016,Nike Hyperdunk 2016 Flyknit,200,nike
2016,Nike Free RN ULTD,100,nike
2016,Nike Air Zoom Pegasus 33 ULTD,110,nike
2016,Nike Metcon 2,130,nike
2016,Nike Free Train Force Flyknit,150,nike
2016,Nike Air Max 1 Premium iD,175,nike
2016,Nike Air Force 1 Low Premium iD,165,nike
2016,Nike Air Max 90 Premium iD,175,nike
2016,Nike Air Force 1 Mid Premium iD,170,nike
2016,Nike LunarEpic Flyknit ULTD,175,nike
2016,Nike Free RN Motion Flyknit ULTD,150,nike
2016,Nike LunarGlide 8 ULTD,120,nike
2016,Nike Train Ultrafast Flyknit,150,nike
2016,Nike Zoom KD 9 iD,195,nike
2016,Nike Hyperdunk 2016 iD,180,nike
2016,Nike LunarEpic Low Flyknit iD,200,nike
2016,Nike Roshe Flyknit iD,160,nike
2016,Nike Lunar Caldra,120,nike
2016,Nike Train Quick,140,nike
2016,Nike Air Zoom All Out Flyknit ULTD,200,nike
2016,Nike Magista Obra II SG-PRO,310,nike
2016,Nike Roshe One iD,115,nike
2016,Nike Air Presto iD,160,nike
2016,Nike Free RN iD,140,nike
2016,Nike Flyknit Air Max iD,265,nike
2016,Nike Air Max 1 Ultra Flyknit,160,nike
2016,Nike Hyperdunk 08,150,nike
2016,Nike Flyknit Elite,270,nike
2016,NikeCourt Air Zoom Ultrafly,220,nike
2016,NikeCourt Zoom Vapor 9.5 Tour,140,nike
2016,Nike Roshe Flyknit,120,nike
2016,Nike Air Presto Ultra Flyknit,160,nike
2016,Nike Air Force 1 Low Ultra Flyknit,170,nike
2016,Nike Air Zoom Pegasus 92,120,nike
2016,Kyrie 2,120,nike
2016,Kobe XI Elite,200,nike
2016,LeBron XIII Low,150,nike
2016,Nike LunarEpic Low Flyknit,160,nike
2016,Nike LunarEpic Flyknit,175,nike
2016,Nike LunarGlide 8,120,nike
2016,Nike Air Zoom Pegasus 33,110,nike
2016,Kobe XI Elite iD,245,nike
2016,Nike Zoom LeBron Soldier 10 SFG,140,nike
2016,Air Jordan 1 KO High OG,140,nike
2016,Air Jordan I Retro High,140,nike
2016,AJ Trainer 1,140,nike
2016,Jordan Super.Fly 5,140,nike
2016,Kobe XI Elite iD,245,nike
2016,Nike Air Presto iD,160,nike
2016,Nike Air Max 90 iD,150,nike
2016,Nike Air Max 90 HYP Premium iD,165,nike
2016,Nike Metcon 2 AMP-X,140,nike
2016,Nike Metcon 2 Amplify,140,nike
2016,Nike Hyperdunk 2016,140,nike
2016,Converse Auckland Modern,110,nike
2016,Converse Auckland Modern,110,nike
2016,Converse Chuck Taylor All Star II High Top,80,nike
2017,Nike Air Foamposite Pro,230,nike
2017,Air Jordan Retro 8,190,nike
2017,Nike Lunar Force 1 Duckboot '17,170,nike
2017,Nike Lunar Force 1 Duckboot Low,140,nike
2017,Nike Metcon 3,130,nike
2017,Nike Metcon DSX Flyknit,160,nike
2017,Kyrie 3,120,nike
2017,Kobe A.D.,160,nike
2017,Nike Free RN Flyknit 2017,120,nike
2017,Nike Air Zoom Pegasus 34,110,nike
2017,Nike SF Air Force 1 Mid,160,nike
2017,Nike Air Force 1 '07 QS,130,nike
2017,Nike Air Force 1 '07,90,nike
2017,Nike Air Zoom Mariah Flyknit Racer,150,nike
2017,Nike Air Max 2017,190,nike
2017,Nike LunarEpic Low Flyknit 2,134.97,nike
2017,Kobe A.D. iD,180,nike
2017,Kyrie 3 iD,140,nike
2017,LeBron Soldier XI iD,150,nike
2017,Nike Air Huarache,110,nike
2017,Nike Roshe One,75,nike
2017,Air Jordan 5 Retro,190,nike
2017,Jordan Super.Fly 2017,140,nike
2017,Nike React Hyperdunk 2017 Flyknit,160,nike
2017,Nike React Hyperdunk 2017 Low,114.97,nike
2017,Nike Zoom KDX,134.97,nike
2017,PG1,110,nike
2017,LeBron Soldier XI,140,nike
2017,Nike Air Presto Essential,120,nike
2017,Nike Air Force 1 High '07,100,nike
2017,Air Jordan 1 Retro High OG,160,nike
2017,Nike Free RN Commuter 2017,110,nike
2017,Nike SB Stefan Janoski Max,110,nike
2017,Converse Chuck Taylor All Star High Top,55,nike
2017,Converse Chuck Taylor All Star Low Top,50,nike
2017,Converse One Star Classic Suede Low Top,85,nike
2017,Converse Custom One Star Suede,100,nike
2017,Converse Custom One Star Suede,100,nike
2017,Converse Custom One Star Suede,100,nike
2017,Nike Alpha Menace Elite,200,nike
2017,Nike Vapor Untouchable Pro,95.97,nike
2017,Nike Mercurial Superfly V FG,300,nike
2017,Nike Tiempo Legend VII FG,230,nike
2017,Hurley Phantom Free Elite,80,nike
2017,Hurley Phantom Free Motion,70,nike
2017,Nike Dualtone Racer,74.97,nike
2017,Nike Duel Racer,99.97,nike
2017,Nike SB Zoom Stefan Janoski Canvas,85,nike
2017,Nike SB Dunk Low Pro,90,nike
2017,Nike SB Air Max Bruin Vapor,89.97,nike
2017,Nike Free Trainer V7,74.97,nike
2017,Nike Free Train Virtue,120,nike
2017,Nike Benassi Solarsoft 2,35,nike
2017,Nike Roshe One Essential iD,95,nike
2017,Converse Chuck Taylor All Star Low Top,50,nike
2017,Converse Chuck Taylor Monochrome High Top,55,nike
2017,Air Jordan Retro 8,190,nike
2017,Converse Chuck Taylor All Star Seasonal Low Top,50,nike
2017,Converse Chuck Taylor All Star Seasonal High Top,55,nike
2017,Converse Chuck Taylor Monochrome Low Top,50,nike
2018,LeBron 16,185,nike
2018,Nike Air Max 270 Bowfin,160,nike
2018,Nike Air Max 270,150,nike
2018,Nike Air Max 270 iD,170,nike
2018,Nike Zoom Fly Flyknit,160,nike
2018,Nike Zoom Pegasus Turbo,180,nike
2018,Nike Epic React Flyknit,150,nike
2018,Nike Epic React Flyknit iD,170,nike
2018,Nike Air VaporMax Flyknit 2,190,nike
2018,Nike Air VaporMax Flyknit 2 iD,240,nike
2018,Nike Air Force 1 '07,90,nike
2018,Nike Air Force 1 High 07,100,nike
2018,Nike Air Max 97,160,nike
2018,Nike Rise React Flyknit LMTD,175,nike
2018,Air Jordan 5 Retro,190,nike
2018,Air Jordan 18 Retro,225,nike
2018,Air Jordan 12 Retro Premium,200,nike
2018,Air Jordan 1 Retro High Double Strap,140,nike
2018,Air Jordan 1 High Zip,150,nike
2018,Air Jordan 1 Mid,110,nike
2018,Nike Air Zoom Pegasus 35,120,nike
2018,Nike Free x Metcon,120,nike
2018,Nike Zoom KD11,150,nike
2018,Nike Zoom KD11 iD,170,nike
2018,Nike Air Max 95,180,nike
2018,Nike Air VaporMax 95,190,nike
2018,Nike Air Max 90 Essential,110,nike
2018,Nike Air Force 1 '07 LV8 Utility,100,nike
2018,Air Jordan 1 Retro High OG,160,nike
2018,Air Jordan 1 Retro High Premium,145,nike
2018,Nike Air VaporMax Premier Flyknit,225,nike
2018,Nike Air VaporMax Flyknit Moc 2,200,nike
2018,Nike Metcon 4,130,nike
2018,Nike Metcon DSX Flyknit 2,150,nike
2018,Nike Air Max Deluxe,180,nike
2018,Nike Air Max Deluxe,200,nike
2018,Nike Air Max 97 Ultra '17,160,nike
2018,Nike Air Force 1 Low Retro QS,130,nike
2018,Nike Air Force 1 '07 Suede,90,nike
2018,Nike EXP-X14,83.97,nike
2018,Nike EXP-X14 QS,140,nike
2018,Nike Classic Cortez Nylon,70,nike
2018,Nike Zoom Fly SP,119.97,nike
2018,Nike Air VaporMax Plus,190,nike
2018,Nike Air VaporMax 97,190,nike
2018,Nike Air Max 270 Flyknit,170,nike
2018,Nike Air Max 270 Premium,170,nike
2018,Nike Free TR8 (Ohio State),110,nike
2018,Nike Air Max Typha 2 (NFL Philadelphia),110,nike
2018,Nike Air Force 1 '07 LV8 JDI LNTC,100,nike
2018,Nike Air Max 1 Premium,120,nike
2018,Air Jordan 10 Retro,190,nike
2018,Nike Free RN Flyknit 2018,120,nike
2018,Nike Free RN 2018,100,nike
2018,Nike SB Nyjah,95,nike
2018,Nike Air Huarache,110,nike
2018,Nike Lunar Force 1 Duckboot Low Textile,140,nike
2018,Nike SF Air Force 1,180,nike
2018,Nike Vapor Untouchable 3 Pro,120,nike
2018,Nike Vapor Untouchable Pro 3 iD,140,nike
2019,Nike Air Max 720,180,nike
2019,Nike Air Max 270,150,nike
2019,Nike Air VaporMax 2019,190,nike
2019,Nike Air VaporMax Utility,190,nike
2019,Nike Air Max 720,180,nike
2019,Jordan Proto-Max 720,200,nike
2019,Nike Air VaporMax Flyknit 3,190,nike
2019,Nike Air VaporMax 2019,190,nike
2019,Kyrie 5,130,nike
2019,PG 3,110,nike
2019,LeBron 16 Low,160,nike
2019,Air Jordan 13 Retro,190,nike
2019,Air Jordan 1 Mid SE,120,nike
2019,Jordan Proto-React,150,nike
2019,Nike Epic React Flyknit 2,150,nike
2019,Nike React Element 55,130,nike
2019,Nike ISPA React WR,160,nike
2019,Nike Air VaporMax Plus,190,nike
2019,Nike Air Max 95 Premium,170,nike
2019,Nike Air Max 97 ND,170,nike
2019,Nike Air Max 270,150,nike
2019,Nike Vaporfly 4% Flyknit,250,nike
2019,Nike Zoom Pegasus Turbo,134.97,nike
2019,Air Jordan 9 Retro,190,nike
2019,Air Jordan 4 Retro,190,nike
2019,Nike Air Max 1,110,nike
2019,Nike Air Max 1 Premium By You,150,nike
2019,Nike Air Max 97,135.97,nike
2019,Nike Air Max 97 By You,190,nike
2019,Nike Air Zoom Pegasus 35,120,nike
2019,Nike Metcon 4 XD,130,nike
2019,Nike Zoom Fly Flyknit,160,nike
2019,Nike Odyssey React Flyknit 2,89.97,nike
2019,Nike Air Force 1 '07,90,nike
2019,Nike Air Force 1 Utility,145,nike
2019,Nike Air Force 1 '07 Premium 3,130,nike
2019,Nike Air Force 1 '07 LV8 1,100,nike
2019,Nike Air Max 90 Essential,81.97,nike
2019,Nike Air Max 90 By You,130,nike
2019,Nike Air Max 95 OG,160,nike
2019,Nike Air Max 95 By You,180,nike
2019,Nike Air Max 95 ND,170,nike
2019,Nike Air Max Deluxe,180,nike
2019,Nike Air VaporMax Flyknit 2 Random,200,nike
2019,Nike Air VaporMax Flyknit 2,190,nike
2019,Nike Air Max 98,170,nike
2019,Nike Air Max 98,160,nike
2019,Nike Air Max2 Light,140,nike
2019,Nike Air Tailwind 79,90,nike
2019,Nike Metcon Flyknit 3,150,nike
2019,Nike Free TR 8,100,nike
2019,Nike Air Max 720 SATRN,200,nike
2019,Nike SB Zoom Janoski Mid Crafted,100,nike
2019,Air Jordan XXXIII,175,nike
2019,LeBron 16,185,nike
2019,Kyrie 5 x ROKIT All Star,140,nike
2019,"Jordan ""Why Not?"" Zer0.2 SP",125,nike
2019,Nike SB Air Max Janoski 2,110,nike
2019,Nike SB Air Max Janoski 2 Premium,120,nike
2019,Nike SB Zoom Stefan Janoski Canvas Premium,90,nike
2020,Nike Air Max 2090,150,nike
2020,Nike Air Max 2090,170,nike
2020,Air Jordan 4 Retro SE,225,nike
2020,Air Jordan 3 Retro SE,200,nike
2020,Air Jordan 1 Low,90,nike
2020,Air Jordan 1 Mid,115,nike
2020,Nike Air VaporMax Plus (Chicago),200,nike
2020,Nike Air Max 90,120,nike
2020,LeBron 17 Low,160,nike
2020,LeBron 17,200,nike
2020,Nike SuperRep Go,100,nike
2020,Nike Air Zoom SuperRep,120,nike
2020,Nike React Infinity Run Flyknit,160,nike
2020,Nike Zoom Pegasus Turbo 2,180,nike
2020,Nike Air Force 1 '07,90,nike
2020,Nike Air Force 1 Type-2,140,nike
2020,Nike Air Force 1 '07,90,nike
2020,Kyrie 6,130,nike
2020,PG 4,110,nike
2020,Zoom Freak 1,120,nike
2021,Nike Air VaporMax Evo,260,nike
2021,Nike Air Max 95 EOI,235,nike
2021,LeBron 18 'White/Black/Gold',260,nike
2021,Kyrie 7 'Brooklyn Beats',170,nike
2021,Nike Air Max 2090,180,nike
2021,Nike Space Hippie 04,170,nike
2021,Nike Air Max 97 EOI,235,nike
2021,Nike React Vision,185,nike
2021,Nike Air Max Plus EOI,225,nike
2021,Nike Air Max SC,100,nike
2021,Nike Air Max Bolt,115,nike
2021,Nike Air Max Tailwind V SP,225,nike
2021,Nike Air Force 1 '07,135,nike
2021,Nike Air Max Plus,225,nike
2021,Jordan MA2,170,nike
2021,Air Jordan XXXV,235,nike
2021,Nike ZoomX Vaporfly NEXT%,330,nike
2021,Nike Air Zoom Pegasus 37 Premium,155,nike
2021,NikeCourt React Vapor NXT,210,nike
2021,Nike Air Zoom Terra Kiger 7,180,nike
2021,Nike Mercurial Dream Speed Superfly 8 Elite FG,385,nike
2021,Nike Mercurial Dream Speed Superfly 8 Academy MG,125,nike
2021,PG 5,145,nike
2021,Nike Air Force 1,170,nike
2012,Women's Spenco Breeze Slide Blue/Penguin Mesh,49.99,adidas
2012,Women's Lugz Grotto Ripstop 6in Work Boot Mars Red/White,49.99,adidas
2012,Women's Naturalizer Kaneli Peep Toe Heel Mushroom Capri Nappa Leather,49.99,adidas
2013,'satire' Sneaker (women),54.93,adidas
2015,Women's Propet TravelActiv Bungee Lace Shoe Silver Nylon Mesh/Polyurethane by Propet,67.43,adidas
2013,Women's Propet TravelActiv Bungee Lace Shoe White Nylon Mesh/Polyurethane by Propet,91.51,adidas
2014,Easy Spirit Briano Women  Round Toe Leather  Mid Calf Boot,91.51,adidas
2014,Vans Unisex Authentic Slim Geometric Sneakers,67.1,adidas
2014,Women's Pleaser Adore 1024RSF Open-Toe Ankle Boot Black Faux Leather-Silver/Black Matte,67.1,adidas
2014,Cotton 'Grey Floral' Tunic Blouse (India) by Novica,67.1,adidas
2014,Kelly & Katie Doreen  W Open-toe Canvas  Heels,68.99,adidas
2014,Easy Spirit Marvie Women  Open Toe Canvas  Slides Sandal,91.51,adidas
2015,Women's David Tate Dallas Black Calfskin,109.95,adidas
2015,Women's Clarks Zyris Toledo Plain Toe Shoe Dark Tan Cow Full Grain Leather/Textile,109.95,adidas
2016,Cougar Jade-1 Women  Open-toe Canvas  Slingback Sandal,67.1,adidas
2016,Women's Alpaca Wool 'Andean Fire' Sweater (Peru) by Novica,67.1,adidas
2016,Women's Azura Blackenbury Boot Taupe Micro Suede,109.95,adidas
2016,Women's SoftWalk Hansford Slingback Wedge Sandal Black Laser Leather,90.99,adidas
2016,Nike Women's Shox Nz Running Shoe,109.95,adidas
2017,Cotton 'Grey Floral' Tunic Blouse (India) by Novica,91.51,adidas
2017,Cotton 'Bali Blue' Batik Dress (Indonesia) by Novica,91.99,adidas
2019,Women's SoftWalk Hansford Slingback Wedge Sandal Black Laser Leather,109.95,adidas
2019,Women's Oboz Sawtooth Low Hiking Shoe Magenta,109.99,adidas
2020,Asics Womens T485n Gel-nimbus 16 Running Shoe Pink Green Black Size 8.5 B,109.99,adidas
2020,Nike Match Supreme    Round Toe Leather  Sneakers,109.99,adidas
2021,Jessica Simpson Women's Baylinn Suede Lipstick Ankle-high Suede Pump - 6m,109.99,adidas
2021,Bella Vita Camy Ii Women Us 8.5 Black Knee High Boot,109.99,adidas
2021,Vince Camuto Carra Women  Pointed Toe Leather  Heels,109.99,adidas
2021,Bearpaw Tigris   Round Toe Suede  Ankle Boot,109.99,adidas
2014,Circus By Sam Edelman Becca   Open Toe Synthetic  Gladiator Sandal,91.95,Altra Footwear
2014,Alfani Pirsey Womens Size 6.5 Gold Thongs Sandals Shoes,91.95,Altra Footwear
2014,Easy Spirit Peregrine Women  Round Toe Suede Gray Sneakers,91.95,Altra Footwear
2014,Allegra K Women's Peep Toe High Heel Crisscross Straps Platform Sandals Beige (size 7.5),91.95,Altra Footwear
2014,Anne Klein Karsen Women  Round Toe Suede Green Ankle Boot,91.95,Altra Footwear
2015,New Cole Haan Manhattan Sz 7 M Dark Pink Patent Leather Ballet Flats Women Shoes,91.95,Altra Footwear
2015,'paulina' Leather Pump,91.95,Altra Footwear
2015,Asics Women's Gel-Encourage LE Tennis Shoe,91.95,Altra Footwear
2016,Mizuno Wave Inspire 10 Women  Round Toe Synthetic Blue Running Shoe,91.95,Altra Footwear
2017,Caparros Pandora   Open-toe Synthetic  Slingback Sandal,91.95,Altra Footwear
2017,Steve Madden Women's Maddye Suede Black Ankle-high Leather Pump - 8m,91.95,Altra Footwear
2018,Women's Trotters Gloria Black Soft Kid,109.95,Altra Footwear
2013,Michael Michael Kors Women's Carla Platform Wedge Sandals,67.49,Ann Creek
2014,Women's Propet TravelLite Mary Jane Red Nylon by Propet,68.99,Ann Creek
2014,Women's Propet TravelActiv Bungee Lace Shoe White Nylon Mesh/Polyurethane by Propet,67.49,Ann Creek
2014,Glo Women's Hinge Boot - Grey,67.49,Ann Creek
2014,Isaac Mizrahi Julia Women W Round Toe Suede  Heels,67.49,Ann Creek
2015,Sanuk Fiona Slip On Loafer Beach Flat Shoe - Womens,67.49,Ann Creek
2016,Vans Unisex Classic Slip-on (premium Leather) Skate Shoe,67.49,Ann Creek
2017,Women's Altra Footwear Superior 2.0 Orchid/Silver by Altra Footwear,67.49,Ann Creek
2017,Women's Clarks Zyris Toledo Plain Toe Shoe Black Cow Full Grain Leather,67.49,Ann Creek
2014,Women's Altra Footwear Superior 2.0 Orchid/Silver by Altra Footwear,69,Ann Creek
2013,Women's Spenco Breeze Slide Blue/Penguin Mesh,68.99,Ann Creek
2014,Inc International Co Galai Women Us 8 Black Flats Pre Owned 1905,92.19,Ann Creek
2015,Women's Propet TravelActiv Bungee Lace Shoe White Nylon Mesh/Polyurethane by Propet,68.99,Ann Creek
2016,Women's Clarks Zyris Toledo Plain Toe Shoe Dark Tan Cow Full Grain Leather/Textile,68.99,Ann Creek
2018,Women's Trotters Gloria Black Soft Kid,68.99,Ann Creek
2013,Joules Welly Print Black Synthetic Rubber Tall Rain Boots,92.9,Asics
2014,Women's Altra Footwear Superior 2.0 Pewter/Atlantic by Altra Footwear,91.49,Asics
2014,Women's Cotton 'Spring Mint' Sweater (Guatemala) by Novica,90.78,Asics
2015,Women's Fabulicious Lip 101DM Clear/Silver Multi Rhinestones by Fabulicious,92.9,Asics
2015,Gentle Souls Skip Rock Leather Slides Sandal,92.9,Asics
2015,Brooks Women's PureFlow 5 Pink Running Shoes,92.9,Asics
2017,Sperry Womens Firefish Core Slip On 2 Eye Lace Up Moc Boat Shoes,90.79,Asics
2017,Women's Trotters Gloria Black Soft Kid,92.9,Asics
2017,Women's Dansko Hanna Sneaker Black/Grey Dot,92.9,Asics
2017,Women's Trotters Gloria Black Soft Kid,92.9,Asics
2018,Papillio Madrid  N/s Open Toe Synthetic  Slides Sandal,92.9,Asics
2018,Women's Sanita Clogs Caroline Steel,92.9,Asics
2018,Women's SoftWalk Hansford Slingback Wedge Sandal Black Laser Leather,92.9,Asics
2019,Nike Hyperdunk 2014 Women's Basketball Shoe (a060,110,Asics
2019,Vince Camuto Sidney Women  Round Toe Leather Black Knee High Boot,110.12,Asics
2020,Nike Women's Air Zoom Pegasus 32 Running Shoes - Wide,110,Asics
2020,Bearpaw Womens Sonjo Ii Rabbit Fur Sheepskin Mid-calf Boot,110,Asics
2020,Speed 300 Ignite Womenâ€™s Running Shoes,110.69,Asics
2020,Adidas Women's Adistar Sport White/ Matte Silver/ Wild Orchid Golf Shoes,110,Asics
2020,Easy Spirit Cardea Women  Open Toe Suede Black Wedge Heel,111.37,Asics
2020,Women's David Tate Lace Floral Calfskin,110.12,Asics
2021,Jessica Simpson Maggey Women  Open Toe Leather  Wedge Sandal,110,Asics
2021,Women's Bearpaw Isabella Boot Hickory II,110,Asics
2021,Women's Hydropower 4 Deck Shoe,109.99,Asics
2013,Joules Welly Print Black Synthetic Rubber Tall Rain Boots,54.95,Azura
2014,Women's Naturalizer Kaneli Peep Toe Heel Mushroom Capri Nappa Leather,54.95,Azura
2014,Women's Lugz Grotto Ripstop 6in Work Boot Mars Red/White,54.95,Azura
2015,Women's Flexus by Spring Step Sofran Slip-on Brown Nubuck Leather,92.95,Azura
2016,Women's Trotters Piper Pump Black Leather,109.95,Azura
2019,Adidas Women's Adistar Sport White/ Matte Silver/ Wild Orchid Golf Shoes,109.99,Azura
2019,Under Armour Women's Speedform Fortis Vent Running Shoes,109.99,Azura
2019,Head 274115-110 Revolt White/blue,109.99,Azura
2019,Lila Suregrip Womens Isabelle Cognac Ballet Flat Slip Resistant Work Shoes,109.99,Azura
2021,Hi-tec Women's St Moritz 200 Insulated Boot,109.99,Azura
2021,"Nike Women's Lunarglide 6 Violet Ore, Black, and Hyper Crimson Synthetic Running Shoes",109.99,Azura
2021,Dolce & Gabbana Cartoline Women  Round Toe Leather  Sneakers,109.99,Azura
2013,Badgley Mischka Drama   Open Toe Canvas  Platform Heel,49.99,Azura
2013,'kickstart' Mesh Sneaker (women),69,Azura
2015,Women's Propet TravelActiv Bungee Lace Shoe White Nylon Mesh/Polyurethane by Propet,49.99,Azura
2012,Glittering Adult Boots,54.95,Azura
2019,Knee High Pink Sequin Boots With Shark Teeth Textured Platform and 6.5'' Heels,109.99,Azura
2019,Nike Air Relentless 4   Round Toe Synthetic  Running Shoe,110,Azura
2020,Mizuno Wave Legend 3 Women  Round Toe Synthetic White Running Shoe,109.99,Azura
2020,Women's Oboz Sawtooth Low Hiking Shoe Magenta,109.99,Azura
2020,Women's Bearpaw Isabella Boot Hickory II,109.99,Azura
2020,Asics Women's 33-fa Running Shoe,109.99,Azura
2021,Women's Oboz Sawtooth Low Hiking Shoe Magenta,109.99,Azura
2021,Be Bold Multicolor Stripe Purple Red Orange Green Blue 100-percent Alpaca Wool Fair Isle Pattern Womens Cardigan Sweater (Peru),109.99,Azura
2021,Women's Rose Petals by Walking Cradles Brandi Pump Black Leather by Rose Petals by Walking Cradles,109.99,Azura
2020,Wild Pair Quebec Women  Round Toe Synthetic  Over The Knee Boot,110,Azura
2021,Nautilus Safety Footwear Women's Work Shoes Athletic White 01375 Wide Avail,110,Azura
2012,Women's Spenco Breeze Slide Blue/Penguin Mesh,51.96,Azura
2013,Walking Cradles Cloud  W Round Toe Leather  Clogs,67.11,Azura
2014,Women's Lugz Grotto Ballistic 6in Work Boot Potion/White,51.96,Azura
2013,Women's Lugz Grotto Ripstop 6in Work Boot Mars Red/White,49.99,Azura
2014,Journee Collection Women's 'Shelley-3' Slouch Mid-Calf Microsuede Boot by Journee Collection,49.99,Azura
2013,Lucky Womens Nolan 2 Brindle Indiana Ankle Boot Shoe Ret 139,54.98,Azura
2021,Tesh Twitch 1.0   Round Toe Synthetic  Cross Training,111.48,Azura
2021,Women's Oboz Sawtooth Low Hiking Shoe Magenta,110,Azura
2013,Tripoly Dress Sandal,54.95,Azura
2017,Nike Women's Air Force 1 Hi Prm Bleached Lilac/Bleached Lilac Suede Basketball Shoes,54.98,Azura
2015,Women's Trotters Gloria Black Soft Kid,92.9,Azura
2017,Women's Trotters Gloria Black Soft Kid,92.9,Azura
2016,Women's Pleaser Adore 1024RSF Open-Toe Ankle Boot Black Faux Leather-Silver/Black Matte,69,Azura
2013,Women's Spenco Breeze Slide Blue/Penguin Mesh,49.99,Azura
2014,Aerosoles Good Chlue   Open-toe Synthetic  Slingback Sandal,69,Azura
2015,Women's Alpaca Wool 'Cuzco Grace' Sweater (Peru),68.95,Azura
2015,Women's Propet TravelActiv Bungee Lace Shoe White Nylon Mesh/Polyurethane by Propet,68.95,Azura
2021,Women's Rose Petals by Walking Cradles Brooklyn Pump Black/Micro Patent by Rose Petals by Walking Cradles,110,Azura
2014,Women's Trotters Prima Navy Soft Nappa Leather Laser Cut,69,Azura
2015,Women's Trotters Gloria Black Soft Kid,67.19,Azura
2016,Adidas Women's Alphabounce EM Running Shoes,67.19,Azura
2012,Lauren Lorraine Paris Multicolored Stone Wedges,54.94,Azura
2014,Ann Creek Women's 'Claremont' Texture Patch Boots by Ann Creek,66.99,Azura
2013,Toms Women's Bella Skyway Blue Suede Espadrille Sandals,65,Azura
2021,Nike Women's Air Zoom Wildhorse 3 Running Shoe,110,Azura
2016,Marc Fisher Genny Women  Open Toe Leather  Wedge Sandal,69,Azura
2013,Vans Unisex Authentic Lo Pro Sneakers,109.95,Azura
2014,Cfd 1707125 Edgewater Hi Field Boot M4-w5,109.95,Azura
2015,Dr. Weil By Orthaheel  Dhyana Coral Leather Thong Sandals,109.95,Azura
2015,Women's Trotters Gloria Black Soft Kid,109.95,Azura
2015,Adidas Women's Alphabounce EM Running Shoes,109.95,Azura
2015,Women's Trotters Gloria Black Soft Kid,109.95,Azura
2016,Women's Clarks Zyris Toledo Plain Toe Shoe Black Cow Full Grain Leather,109.95,Azura
2016,Women's Rose Petals by Walking Cradles Lissa Ankle Strap Sandal Taupe/Gold Lizard Print by Rose Petals by Walking Cradles,109.95,Azura
2016,Women's Nine West Margot20 Black2 Leather by Nine West,109.95,Azura
2016,Women's Clarks Zyris Toledo Plain Toe Shoe Navy Cow Full Grain Leather/Textile,109.95,Azura
2016,Allegra K Women's Peep Toe High Heel Crisscross Straps Platform Sandals Black (size 7.5),109.95,Azura
2016,Women's Kenneth Cole New York Frances Tassel Espadrille Navy Suede,109.95,Azura
2017,Women's Clarks Zyris Toledo Plain Toe Shoe Navy Cow Full Grain Leather/Textile,109.95,Azura
2017,Women's Clarks Zyris Toledo Plain Toe Shoe Black Cow Full Grain Leather,109.95,Azura
2017,Women's Trotters Gloria Black Soft Kid,109.95,Azura
2017,Women's Clarks Zyris Toledo Plain Toe Shoe Dark Tan Cow Full Grain Leather/Textile,109.95,Azura
2017,Women's Trotters Gloria Black Soft Kid,109.95,Azura
2018,Women's David Tate Stardust Navy Peau de Soie,109.95,Azura
2018,Propet Briana - Rejuve - Women's Casual - Black/black Croco,109.95,Azura
2018,'wana' Leather Thong Sandal (women),109.95,Azura
2018,Women's SoftWalk Hansford Slingback Wedge Sandal Black Laser Leather,109.95,Azura
2019,Women's L&#x27;Artiste by Spring Step Sujala Ankle Cuff Sandal Bordeaux Leather,109.95,Azura
2013,Propet Morgan - Rejuve - Women's Rejuve Slippers - Camel Velour,66.99,Azura
2014,Asics Women's Gt-2000 3 Beach Glass/Diva Pink/Mint Running Shoe,68.99,Azura
2020,Lila Suregrip Womens Bella Navy/orange Floral Slip Resistant Work Clogs,110.99,Azura
2018,Olivia Miller Women's Bergen Thigh-high Boots,67.2,Azura
2013,Lauren Lorraine Paris Multicolored Stone Wedges,54.95,Azura
2013,Women's Skechers EZ Flex 2 Quipster Black by Skechers,54.95,Azura
2013,Women's Propet TravelActiv Bungee Lace Shoe Silver Nylon Mesh/Polyurethane by Propet,54.95,Azura
2018,Anne Klein Women's Camden Suede Black Knee-high Suede Boot - 6m,69,Azura
2015,'blossom' High Cut Faux Leather Boot (women),65,Azura
2013,Women's Bellini Bainbridge Tassel Loafer Black/White Boucle Fabric,54.95,Azura
2016,Nike Women's Shox Nz Running Shoe,109.95,Azura
2013,"Cat By Caterpillar Colorado Flowers Womens Boots Us 9.5 M, Eu 40.5",91.96,Azura
2015,Funtasma Hunter Heel Fur Trim Knee Boot by FUNTASMA,109.95,Azura
2016,Women's Toe Warmers Trek Black/Black by Toe Warmers,109.95,Azura
2017,Asics Women's Gel-Encourage LE Tennis Shoe,91.96,Azura
2020,Saucony Women's Peregrine 5 Trail Running Shoe,111.95,Azura
2021,Women's Toe Warmers Trek Black/Black by Toe Warmers,111.95,Azura
2016,Under Armour Women's UA Thrill Pink Plastic Running Shoes,91.95,Azura
2014,Vans Slip-on Sf   Round Toe Suede  Flats,68.95,Azura
2016,Women's Vendy Ii,68.95,Azura
2021,Nike Women's Air Max Tailwind 8 Running Shoe,110,Azura
2021,Nike Women's Air Max 90 Essential Running Shoe,109.99,Azura
2014,Women's Lucky Brand Archh Flat Black/Grey Fabric,65,Azura
2013,Calvin Klein Vivian   Open Toe Suede  Sandals,54.95,Azura
2013,Women's Propet TravelActiv Bungee Lace Shoe White Nylon Mesh/Polyurethane by Propet,54.95,Azura
2016,Liz Claiborne Gabrey Women  Round Toe Synthetic  Knee High Boot,65,Azura
2016,G By Guess Drea Wide Calf Women  Round Toe Synthetic  Knee High Boot,54.99,Azura
2017,Women's Clarks Zyris Toledo Plain Toe Shoe Dark Tan Cow Full Grain Leather/Textile,109.95,Azura
2017,Women's SoftWalk Hansford Slingback Wedge Sandal Black Laser Leather,109.99,Azura
2017,Ann Marino Jolly Women  Pointed Toe Synthetic  Bootie,69,Azura
2018,Naturalizer Women's Jamison Wide-shaft Riding Boot,69,Azura
2013,Superga 2210 Fancotw   Round Toe Canvas  Sneakers,54.95,Azura
2013,Women's Propet TravelActiv Bungee Lace Shoe White Nylon Mesh/Polyurethane by Propet,54.95,Azura
2017,Asics Women's Gt-2000 3 Beach Glass/Diva Pink/Mint Running Shoe,66.99,Azura
2019,Adidas Women's Adistar Sport White/ Matte Silver/ Wild Orchid Golf Shoes,110,Azura
2020,New Balance Pace Women D Round Toe Synthetic Blue Running Shoe,110,Azura
2021,Asics Women's 33-fa Running Shoe,110,Azura
2013,Women's Dyeables Amber Strappy Sandal Gold Glitter,69,Azura
2013,Nib $125 Anarchic By T.u.k. 7 Eye Combat Boot Eu 38 (us 7 ),69,Azura
2014,Women's Naturalizer Kaneli Peep Toe Heel Mushroom Capri Nappa Leather,49.99,Azura
2014,Dyeables Tracy Women Us 5.5 Silver Peep Toe Heels,68.99,Azura
2014,Penny Loves Kenny Tristen  Women  Open Toe Synthetic  Gladiator Sandal,69,Azura
2020,Women's Oboz Sawtooth Low Hiking Shoe Magenta,110,Azura
2013,Women's Propet TravelActiv Bungee Lace Shoe White Nylon Mesh/Polyurethane by Propet,54.95,Azura
2017,Anne Klein Karsen Women  Round Toe Suede Green Ankle Boot,68.99,Azura
2012,Women's Easy Spirit Ezrise Sneaker Wine Multi Fabric,49.99,Azura
2013,Match Lite Basic Sports Trainers,67.12,Azura
2014,Nine West Kellcie   Open Toe Synthetic  Thong Sandal,67.14,Azura
2012,Women's Lugz Grotto Ballistic 6in Work Boot Potion/White,49.99,Azura
2014,Bearpaw Emma Tall   Round Toe Suede  Winter Boot,49.99,Azura
2018,Women's Clarks Zyris Toledo Plain Toe Shoe Navy Cow Full Grain Leather/Textile,90.99,Azura
2019,Jessica Simpson Mariani Women  Open-toe Canvas  Heels,110,Azura
2020,Woodside Braided Knee High Riding Boots,110,Azura
2015,Women's David Tate Dallas Black Calfskin,68.98,Azura
2014,Women's Altra Footwear Superior 2.0 Orchid/Silver by Altra Footwear,91.96,Fabulicious
2016,Nike Women's Lunarglide 6 Running Shoe,91.96,Fabulicious
2016,Women's L&#x27;Artiste by Spring Step Sujala Ankle Cuff Sandal Bordeaux Leather,91.96,Fabulicious
2017,Women's Fabulicious Lip 101DM Clear/Silver Multi Rhinestones by Fabulicious,91.96,Fabulicious
2012,Big Buddha Women 'reese' Ankle Boot Shoe,54.95,Fabulicious
2014,Dunhu Delicate Patent Pu Pretty Little Young Lady's Oxfords,54.95,Fabulicious
2013,Keuka Suregrip Unisex - Adult Shock Mint Athletic Slip Resistant Work Shoes,109.95,Fabulicious
2015,Women's Pleaser Adore 1024RSF Open-Toe Ankle Boot Black Faux Leather-Silver/Black Matte,109.95,Fabulicious
2014,Lauren Lorraine Paris Multicolored Stone Wedges,49.99,Fabulicious
2013,Muk Luks174 Women's Pewter Morgan Wedge Sandals,54.98,Fabulicious
2014,Women's Altra Footwear Superior 2.0 Pewter/Atlantic by Altra Footwear,90.97,Fabulicious
2014,Rampage Batari Women Us 6 Gray Knee High Boot,91,Fabulicious
2013,Women's Nomad Hog Black,67.32,Fabulicious
2015,Women's Fabulicious Lip 101DM Clear/Silver Multi Rhinestones by Fabulicious,92.54,Fabulicious
2017,Women's Trotters Prima Navy Soft Nappa Leather Laser Cut,68.99,Fabulicious
2017,Women's Kenneth Cole New York Frances Tassel Espadrille Navy Suede,68.99,Fabulicious
2013,Brinley Co. Womens Round Toe Zipper Detail Boots,54.98,Fabulicious
2015,Women's SoftWalk Taylor Too Black Vintage Waxy Wrinkled Leather,91.99,Fabulicious
2017,Lauren Ralph Lauren Abegayle Women  Open Toe Leather  Thong Sandal,69,Fabulicious
2014,Women's Alpaca Wool 'Cuzco Grace' Sweater (Peru),49.99,Fabulicious
2021,Nike Women's Air Zoom Wildhorse 3 Running Shoe,109.99,Fabulicious
2015,Journee Collection Women's 'Ramsey' Faux Suede Stacked Heel Ankle Boots,65,Fabulicious
2020,New Balance W980   Round Toe Canvas  Running Shoe,110,Fabulicious
2014,Nine West Just This  Women  Round Toe Leather  Ankle Boot,91.85,Fabulicious
2016,Women's Kenneth Cole New York Frances Tassel Espadrille Navy Suede,109.95,Fabulicious
2014,Asics Women's Gt-2000 3 Beach Glass/Diva Pink/Mint Running Shoe,69,Fabulicious
2020,Womens Michael Michael Kors Damita Wedge Espadrille Sandals - Navy,110,Fabulicious
2021,Birkenstock By Papillio Gizeh Thong Sandal Shoe - Womens,109.99,Fabulicious
2019,Nike Wmns Blazer High Roll Decon   Round Toe Leather  Sneakers,111.41,Fabulicious
2013,Ann Creek Women's 'Claremont' Texture Patch Boots by Ann Creek,69,Fabulicious
2013,Vikky Marl High Tops,68.99,Fabulicious
2014,Easy Spirit Eliana Women  Round Toe Suede  Clogs,69,Fabulicious
2017,Women's Pleaser Adore 1024RSF Open-Toe Ankle Boot Black Faux Leather-Silver/Black Matte,69,Fabulicious
2013,Michael Kors Black Mk Monogram Charm Jelly Cork Sandals Women's Size 10 New,49.99,Fabulicious
2013,Women's Propet TravelActiv Bungee Lace Shoe White Nylon Mesh/Polyurethane by Propet,54.98,Fabulicious
2018,Adidas Women's Alphabounce EM Running Shoes,109.95,Fabulicious
2014,Women's Propet TravelLite Mary Jane White Nylon by Propet,69,Fabulicious
2015,Women's Propet TravelActiv Bungee Lace Shoe White Nylon Mesh/Polyurethane by Propet,54.98,Fabulicious
2019,Head 274115-065 Revolt White/blue,110,Fabulicious
2019,Nike Women's Revolution 3 Dark Grey/White/Black Running Shoe,110,Fabulicious
2020,Women's Oboz Sawtooth Low Hiking Shoe Magenta,110,Fabulicious
2021,Women's Bearpaw Isabella Boot Hickory II,110,Fabulicious
2021,Cotton 'Bali Blue' Batik Dress (Indonesia) by Novica,110,Fabulicious
2013,Women's Propet TravelActiv Bungee Lace Shoe White Nylon Mesh/Polyurethane by Propet,68.99,Fabulicious
2014,Women's Propet TravelActiv Bungee Lace Shoe Silver Nylon Mesh/Polyurethane by Propet,68.99,Fabulicious
2014,Converse Chuck Taylor All Star [reptile] Ox Women's Sneakers 547284f Size 5.5,68.99,Fabulicious
2012,Women's Spenco Breeze Slide Blue/Penguin Mesh,49.99,Fabulicious
2017,'popcorn' Women's Bootie,67.49,Fabulicious
2017,Adidas Women's Adistar Sport White/ Matte Silver/ Wild Orchid Golf Shoes,54.99,Fabulicious
2014,Jessica Simpson Jozie Women  Open Toe Suede  Wedge Heel,54.98,Fabulicious
2020,'izella' Slide Sandal (women),110,Fabulicious
2015,Coach Women's Signature C Francesca Sneaker,54.95,Fabulicious
2014,Style & Co Amilli Women Us 10 Black Heels,69,Fabulicious
2015,Women's Trotters Gloria Black Soft Kid,109.95,Kenneth Cole New York
2016,Women's Trotters Gloria Black Soft Kid,109.95,Kenneth Cole New York
2017,Women's SoftWalk Hansford Slingback Wedge Sandal Black Laser Leather,109.95,Kenneth Cole New York
2017,Women's L&#x27;Artiste by Spring Step Sujala Ankle Cuff Sandal Bordeaux Leather,109.95,Kenneth Cole New York
2018,Women's Kenneth Cole New York Frances Tassel Espadrille Navy Suede,109.95,Kenneth Cole New York
2020,Dyeables Tracy Women Us 5.5 Silver Peep Toe Heels,109.99,Kenneth Cole New York
2014,Rayon 'Midnight Starlight' Robe (Indonesia) by Novica,54.98,Kenneth Cole New York
2015,Columbia Vulc N Vent Women Us 8 Red Sneakers,54.95,Kenneth Cole New York
2013,Nike Women's Genicco Casual Shoe,65,Kenneth Cole New York
2013,Women's Nomad Hog Black,66.99,Kenneth Cole New York
2019,W Em Road N 0,110,Kenneth Cole New York
2016,Brooks Women's PureFlow 5 Pink Running Shoes,109.95,Lauren Lorraine
2016,Women's SoftWalk Hansford Slingback Wedge Sandal Black Laser Leather,109.95,Lauren Lorraine
2016,Women's SoftWalk Hansford Slingback Wedge Sandal Black Laser Leather,109.95,Lauren Lorraine
2016,Lucky Brand Women's Harleen Leather Over-the-knee Riding Boots,109.95,Lauren Lorraine
2016,Women's SoftWalk Hansford Slingback Wedge Sandal Black Laser Leather,109.95,Lauren Lorraine
2017,Women's L&#x27;Artiste by Spring Step Sujala Ankle Cuff Sandal Bordeaux Leather,109.95,Lauren Lorraine
2018,Women's Clarks Zyris Toledo Plain Toe Shoe Navy Cow Full Grain Leather/Textile,109.95,Lauren Lorraine
2018,Women's SoftWalk Hansford Slingback Wedge Sandal Black Laser Leather,109.95,Lauren Lorraine
2019,Dr. Weil By Orthaheel Rhythm White Blue Lace-up Sneakers,109.95,Lauren Lorraine
2019,Women's Clarks Zyris Toledo Plain Toe Shoe Dark Tan Cow Full Grain Leather/Textile,109.95,Lauren Lorraine
2012,Women's Lugz Grotto Ripstop 6in Work Boot Mars Red/White,49.99,Lauren Lorraine
2012,Women's Lugz Grotto Ripstop 6in Work Boot Mars Red/White,49.99,Lauren Lorraine
2012,Women's Naturalizer Kaneli Peep Toe Heel Mushroom Capri Nappa Leather,49.99,Lauren Lorraine
2012,Emu Womens Rowena Leather Grecian Sandal,49.99,Lauren Lorraine
2013,Journee Collection Women's 'Piett' Ankle Strap Round Toe Mary Jane Pumps,49.99,Lauren Lorraine
2013,"Pkiss208r,6'' Stiletto Heel Ankle Strap Sandal",49.99,Lauren Lorraine
2013,Yuu Elsy Women  Round Toe Canvas Brown Winter Boot,49.99,Lauren Lorraine
2013,"Funtasma Schoolgirl-50g 2 Heel Red Glitter Mary Jane School Girl Shoe, Retro",49.99,Lauren Lorraine
2014,Women's Lugz Grotto Ballistic 6in Work Boot Potion/White,49.99,Lauren Lorraine
2014,Lauren Lorraine Paris Multicolored Stone Wedges,49.99,Lauren Lorraine
2015,Everybody By Bz Moda Dacone   Open-toe Leather  Slingback Sandal,49.99,Lauren Lorraine
2013,Women's Lugz Grotto Ripstop 6in Work Boot Mars Red/White,54.95,Lauren Ralph Lauren
2015,Ann Creek Women's 'Claremont' Texture Patch Boots by Ann Creek,69,Lauren Ralph Lauren
2016,Jbu By Jambu Cordoba   Round Toe Leather  Clogs,69,Lauren Ralph Lauren
2021,Charles By Charles David Infusion Women  Open-toe Leather Black Bootie,109.99,Lauren Ralph Lauren
2019,Asics Women's 33-fa Running Shoes,110,Lauren Ralph Lauren
2020,Adidas Adipower Sport Boost Golf Shoes Ladies CLOSEOUT Grey/White/Red Orange by Adidas,110,Lauren Ralph Lauren
2021,Women's Oboz Emerald Peak Hiking Shoe Leaf,110,Lauren Ralph Lauren
2012,Women's Naturalizer Kaneli Peep Toe Heel Mushroom Capri Nappa Leather,66.99,Lauren Ralph Lauren
2013,Women's Lugz Grotto Ripstop 6in Work Boot Mars Red/White,49.99,Lauren Ralph Lauren
2015,Yu&yu Women's Shoes Flat Heel Comfort Oxfords Office & Career/dress/casual Blue/white,65,Lauren Ralph Lauren
2015,Women's Trotters Gloria Black Soft Kid,68.96,Lauren Ralph Lauren
2013,Adidas Women's Adicross IV Black/ Onix/ Flash Red Golf Shoes by Adidas,92.59,Lauren Ralph Lauren
2014,Lauren Lorraine Paris Multicolored Stone Wedges,54.95,Lauren Ralph Lauren
2012,Emu Womens Rowena Leather Grecian Sandal,51.96,Lauren Ralph Lauren
2012,Women's Lugz Grotto Ripstop 6in Work Boot Mars Red/White,51.96,Lauren Ralph Lauren
2012,Women's Naturalizer Kaneli Peep Toe Heel Mushroom Capri Nappa Leather,51.96,Lauren Ralph Lauren
2012,Lauren Lorraine Paris Multicolored Stone Wedges,51.96,Lauren Ralph Lauren
2013,Women's Soft Style Jerlynn Ankle Boot Dark Brown Leather,51.96,Lauren Ralph Lauren
2013,Mix No 6 Daylaray Women  Round Toe Synthetic  Over The Knee Boot,51.96,Lauren Ralph Lauren
2013,Liz Claiborne Polly Women Us 8 Black Over The Knee Boot,51.96,Lauren Ralph Lauren
2013,"Townforst 3112-01m 8 Jess Womens Slip Oil Resistant Shoe, Size 8",51.96,Lauren Ralph Lauren
2013,In-Sattva Women's Indian Embroidered Patterned Short Sleeved Kurta Dress,51.96,Lauren Ralph Lauren
2013,Women's A2 by Aerosoles Cool Breeze Slide Sandal Blue Denim Twill,51.96,Lauren Ralph Lauren
2013,Cushe W Slipper Ii Womens Beige Canvas Tropical Design Loafers Shoes,51.96,Lauren Ralph Lauren
2013,Women's Naturalizer Kaneli Peep Toe Heel Mushroom Capri Nappa Leather,51.96,Lauren Ralph Lauren
2013,Ann Creek Women's 'Claremont' Texture Patch Boots by Ann Creek,51.96,Lauren Ralph Lauren
2014,Women's A2 by Aerosoles Harmonize Bootie Black Faux Leather,51.96,Lauren Ralph Lauren
2014,Women's Naturalizer Kaneli Peep Toe Heel Mushroom Capri Nappa Leather,51.96,Lauren Ralph Lauren
2014,Women's Black Wedge Sandals Ankle Strap Platform Shoes Franco Sarto Cerise 6 M,51.96,Lauren Ralph Lauren
2014,Lauren Lorraine Paris Multicolored Stone Wedges,51.96,Lauren Ralph Lauren
2015,Adidas Women's Adicross IV Black/ Onix/ Flash Red Golf Shoes by Adidas,51.96,Lauren Ralph Lauren
2016,Women's Alpaca Wool 'Andean Fire' Sweater (Peru) by Novica,68.99,Lauren Ralph Lauren
2014,Frye Malorie Black Leather Button Tall Riding Boots Shoes 8.5 M New Nib $418,69,Lauren Ralph Lauren
2021,Pajar174 Women's Ice Grippers Lacey Black Waterproof Winter Boot,110.93,Lauren Ralph Lauren
2013,Vans Unisex Era 59 Stripes Sneakers,65,Lauren Ralph Lauren
2012,Toms Womens Crochet Glitter Slip On Alpargata Flat Shoe,54.95,Lauren Ralph Lauren
2014,Vans Unisex Low Top Sneakers,68.99,Lauren Ralph Lauren
2021,Nike Free 5.0 Flash Ladies Running Shoe,110,Lauren Ralph Lauren
2013,Women's Diba True This N That Ankle Strap Thong Sandal Gold Metallic Leather,54.99,Lauren Ralph Lauren
2014,Women's Propet TravelActiv Bungee Lace Shoe Silver Nylon Mesh/Polyurethane by Propet,68.97,Lauren Ralph Lauren
2017,Rock & Candy Surf Women  Round Toe Canvas  Sneakers,68.99,Lauren Ralph Lauren
2014,Women's Lugz Grotto Ballistic 6in Work Boot Potion/White,49.99,Lauren Ralph Lauren
2014,Benares Art Silk Sari/ Saree Fabric (India) by Indian Selections,90.98,Lauren Ralph Lauren
2014,Women's Trotters Prima Navy Soft Nappa Leather Laser Cut,68.99,Lauren Ralph Lauren
2016,Women's Azura Splatter Ankle Boot Black Python Lycra by Azura,91.99,Lauren Ralph Lauren
2020,Kenneth Cole Ny Alana   Round Toe Suede  Bootie,110,Lauren Ralph Lauren
2015,Women's L'Artiste by Spring Step Arabella Black/Camel Leather,109.99,Lauren Ralph Lauren
2019,Dyeables Poppy Women D Pointed Toe Synthetic Silver Slingback Heel,110,Lauren Ralph Lauren
2014,Women's OTBT Rexburg Wedge Black Leather by OTBT,65,Lauren Ralph Lauren
2014,Elllie High Heel Boot With Buckles 511-buckleupel_s Silver,65,Lauren Ralph Lauren
2016,Women's L&#x27;Artiste by Spring Step Sujala Ankle Cuff Sandal Bordeaux Leather,92.95,Lauren Ralph Lauren
2012,Lauren Lorraine Paris Multicolored Stone Wedges,54.95,Lauren Ralph Lauren
2012,Women's Naturalizer Kaneli Peep Toe Heel Mushroom Capri Nappa Leather,49.99,Lauren Ralph Lauren
2012,Women's Naturalizer Kaneli Peep Toe Heel Mushroom Capri Nappa Leather,49.99,Lauren Ralph Lauren
2012,Celeste Women's Alle-05 Shining Embellishment High Heel Platform Pumps,49.99,Lauren Ralph Lauren
2013,Nina Women's 'Canton' Faux Leather Dress Shoes,49.99,Lauren Ralph Lauren
2013,Women's Lugz Grotto Ripstop 6in Work Boot Mars Red/White,49.99,Lauren Ralph Lauren
2013,Bogs Outdoor Shoes Womens Stewart Lightweight Waterproof 71799,49.99,Lauren Ralph Lauren
2013,Chaco Womens 'flip Ecotread' Sandal,49.99,Lauren Ralph Lauren
2013,Women's Propet TravelActiv Bungee Lace Shoe White Nylon Mesh/Polyurethane by Propet,49.99,Lauren Ralph Lauren
2014,Cotton Alpaca 'Sunny Warmth' Sweater (Peru) by Novica,49.99,Lauren Ralph Lauren
2014,Women's Lugz Grotto Ballistic 6in Work Boot Potion/White,49.99,Lauren Ralph Lauren
2014,Lauren Lorraine Paris Multicolored Stone Wedges,49.99,Lauren Ralph Lauren
2015,Women's Propet TravelActiv Bungee Lace Shoe White Nylon Mesh/Polyurethane by Propet,49.99,Lauren Ralph Lauren
2015,Nike Women's Genicco Casual Shoe,49.99,Lauren Ralph Lauren
2016,Women's L'Artiste by Spring Step Arabella Black/Camel Leather,92.59,Lauren Ralph Lauren
2019,Women's Bearpaw Isabella Boot Hickory II,110,Lauren Ralph Lauren
2013,Women's Carlos by Carlos Santana Cornelia Strappy Sandal Doe Fabric,65,New Balance
2014,Lauren Lorraine Paris Multicolored Stone Wedges,49.99,New Balance
2019,Asics Women's 33-fa Running Shoe,110,New Balance
2019,"Pedi-foam Slippers,mint,child Mdt211215c",110,New Balance
2020,Women's Gravity Defyer Extora II White Leather,110,New Balance
2020,Nike Women's Air Max Tailwind 7 Running Shoes,110,New Balance
2021,"Nike Women's Lunarglide 6 Violet Ore, Black, and Hyper Crimson Synthetic Running Shoes",110,New Balance
2013,Women's Nomad Hog Black,65,nike
2013,Muk Luks ï¿½ï¿½ Speckled Melana Boot Brown,65,nike
2014,Acorn Women Forest Mule Slippers,49.99,nike
2014,Women's Demonia Swing 101 Ankle Boot Black Vegan Leather by Demonia,91.62,nike
2014,Women's Altra Footwear Superior 2.0 Pewter/Atlantic by Altra Footwear,91.62,nike
2014,Penny Loves Kenny Sioux Women  Open Toe Synthetic  Gladiator Sandal,90.99,nike
2014,Women's Altra Footwear Superior 2.0 Orchid/Silver by Altra Footwear,91.02,nike
2015,New Balance Katherine   Open Toe Leather  Slides Sandal,65,nike
2015,Adidas Women's Adicross IV Black/ Onix/ Flash Red Golf Shoes by Adidas,92.5,nike
2015,Asics Women's Gel-Encourage LE Tennis Shoe,92.63,nike
2016,Adidas Women's Superstar W Originals White Leather Casual Shoe,92.9,nike
2016,Women's Trotters Gloria Black Soft Kid,109.98,nike
2016,Vince Camuto Dyani   Round Toe Synthetic  Knee High Boot,92.17,nike
2017,Coconuts By Matisse Women's Chippewa Tan Western Ankle Boot,109.97,nike
2019,"Nike Women's Lunarglide 6 Violet Ore, Black, and Hyper Crimson Synthetic Running Shoes",110,nike
2019,Women's Bearpaw Isabella Boot Hickory II,110,nike
2019,Eric Michael Maria   Round Toe Patent Leather  Mules,109.99,nike
2019,Vince Camuto Izella Women  Round Toe Leather Multi Color Ballet Flats,109.99,nike
2019,Bella Vita Camy Ii Women Us 8.5 Black Knee High Boot,110,nike
2019,Pajar174 Women's Liberty Black Mid-calf Rain Boot,110,nike
2019,Ami Isabelle   Round Toe Suede  Boot,110,nike
2019,Bloch London Women's Lux Ballet Flat,109.99,nike
2020,New Balance Wl999 Women  Round Toe Synthetic  Sneakers,110,nike
2020,Nike Air Force 1 Light High Women  Round Toe Synthetic Purple Sneakers,110,nike
2020,Vasque Women Mantra 2.0 Sneakers,110,nike
2020,Nike Women's Air Zoom Wildhorse 3 Running Shoe,110,nike
2020,Women's Azura Apore Ankle Boot Black Micro Suede,110,nike
2020,Women's Rose Petals by Walking Cradles Brooklyn Pump Black/Micro Patent by Rose Petals by Walking Cradles,110,nike
2020,Nike Epic Qs Women  Round Toe Leather  Sneakers,110,nike
2020,New Balance Wpace   Round Toe Synthetic  Running Shoe,110,nike
2021,Women's Azura Apore Ankle Boot Black Micro Suede,110,nike
2021,Softwalk Women's Nadia Ballet Flat,110,nike
2021,Women's Oboz Sawtooth Low Hiking Shoe Magenta,110,nike
2021,Asics Women's Gel-Nimbus 16 Lightning/White/Turquoise Running Shoe,110,nike
2021,Women's Alpaca Wool 'Turquoise Sea' Cardigan Sweater (Peru) by Novica,110,nike
2021,Softwalk Elements Women Us 8.5 Black Open Toe Slingback Sandal,110,nike
2021,Asics Women's 33-fa Running Shoe,110,nike
2021,Nike Women's Air Force 1 Mid Lthr Prm Basketball Shoe,110,nike
2012,Women's Touch Ups Jamie 2 Silver Metallic,49.99,Novica
2014,Women's Skechers EZ Flex 2 A Game Black by Skechers,54.95,Novica
2012,Women's Lugz Grotto Ripstop 6in Work Boot Mars Red/White,67.19,Novica
2014,Women's Anne Klein Kacey Wide Calf Black Leather by Anne Klein,69,Novica
2014,Adidas Women's Adicross IV Black/ Onix/ Flash Red Golf Shoes by Adidas,69,Novica
2014,Women's Propet TravelActiv Bungee Lace Shoe White Nylon Mesh/Polyurethane by Propet,68.99,Novica
2014,Sperry Top-Sider Women's Authentic Original 2-Eye Washed Turq Boat Shoe,67.11,Novica
2014,Nine West Shayne 4   Open Toe Synthetic  Thong Sandal,69,Novica
2014,Tommy Hilfiger Typhoon Women Us 9 Black Water Shoe,69,Novica
2013,Women's Propet TravelActiv Bungee Lace Shoe White Nylon Mesh/Polyurethane by Propet,67.16,Novica
2013,Lauren Lorraine Paris Multicolored Stone Wedges,67.16,Novica
2013,Handcrafted Cotton Batik 'Purple Bird' Tunic (Thailand) by Novica,67.16,Novica
2013,Crocs Walu   Moc Toe Canvas  Loafer,67.16,Novica
2013,Dr. Scholl's Rae Women Us 7 Blue Slides Sandal,54.95,Novica
2014,Nine West Footwork Women  Open Toe Synthetic Bronze Thong Sandal,67.16,Novica
2016,Women's Pleaser Adore 1024RSF Open-Toe Ankle Boot Black Faux Leather-Silver/Black Matte,67.16,Novica
2013,Women's Lugz Grotto Ballistic 6in Work Boot Potion/White,49.99,Novica
2013,"Sky-310, 7'' Stiletto Heel Ankle Strap Sandal",67.49,Novica
2013,Women's Fergalicious Diva Pump Black G3000 Microfiber,66.99,Novica
2013,Women's Naturalizer Kaneli Peep Toe Heel Mushroom Capri Nappa Leather,68.99,Novica
2013,Women's Propet TravelActiv Bungee Lace Shoe White Nylon Mesh/Polyurethane by Propet,68.99,Novica
2013,Women's Skechers EZ Flex 2 Quipster Black by Skechers,66.99,Novica
2013,Nine West Women's Jadlin Suede Natural Ankle-high Fabric Sandal - 6.5m,67.49,Novica
2014,Nike Dart 11 Women  Round Toe Synthetic Gray Running Shoe,49.99,Novica
2014,Nike Shox Current Running Women's Shoes Size,91.37,Novica
2015,Liz Claiborne Emma Women  Round Toe Canvas Black Bootie,67.19,Novica
2015,Women's Trotters Gloria Black Soft Kid,91.99,Novica
2015,Women's Trotters Gloria Black Soft Kid,68.99,Novica
2015,Women's Fabulicious Lip 101DM Clear/Silver Multi Rhinestones by Fabulicious,91.99,Novica
2016,Vans Womens Tory Neon Canvas Skate Sneakers,67.04,Novica
2016,Womens Aerosoles Plush Ray Strappy Wedge Sandals - Tan,67.49,Novica
2016,Women's SoftWalk Hansford Slingback Wedge Sandal Black Laser Leather,68.99,Novica
2017,Rampage Eleanor Women Us 6 Brown Knee High Boot,66.99,Novica
2017,Women's Trotters Gloria Black Soft Kid,91.99,Novica
2017,Papillio Ramses Men  Open Toe Synthetic Multi Color Thong Sandal,67.04,Novica
2019,Ugg Women's Sand Classic Short,110.99,Novica
2019,Lfl Jigsaw Women  Peep-toe Synthetic  Ankle Boot,110.49,Novica
2020,Dyeables Mila   Open Toe Synthetic  Sandals,109.99,Novica
2021,Women's Oboz Sawtooth Low Hiking Shoe Magenta,109.99,Novica
2021,Jessica Simpson Marthena Women  Open Toe Synthetic  Sandals,109.99,Novica
2019,Gx By Gwen Stefani Adams   Open Toe Synthetic  Sandals,110,Novica
2019,Diesel Women's Girlkode Lifestyle Shoe,110,Novica
2020,Lila Suregrip Womens Bella Navy/yellow Arrows Slip Resistant Work Clogs,110,Novica
2020,Adidas Women's Adistar Sport White/ Matte Silver/ Wild Orchid Golf Shoes,110,Novica
2021,'free Tr Fit 6' Training Shoe (women),110,Novica
2021,Women's Azura Apore Ankle Boot Black Micro Suede,110,Novica
2021,Women's Azura Apore Ankle Boot Black Micro Suede,110,Novica
2021,Nike Women's Free 5.0 Tr Fit 4 Print Cross-training Shoes,110,Novica
2021,Asics Women's 33-fa Running Shoe,110,Novica
2021,Adidas Women's Adistar Sport White/ Matte Silver/ Wild Orchid Golf Shoes,110,Novica
2020,Women's Oboz Sawtooth Low Hiking Shoe Magenta,109.99,Novica
2016,Dr. Scholl's Fresno Women Us 8 Black Flats,109.95,Novica
2015,Women's Trotters Gloria Black Soft Kid,92.49,Novica
2016,Women's Clarks Zyris Toledo Plain Toe Shoe Navy Cow Full Grain Leather/Textile,92.49,Novica
2016,'popcorn' Women's Bootie,91.45,Novica
2016,Women's Clarks Zyris Toledo Plain Toe Shoe Navy Cow Full Grain Leather/Textile,91.45,Novica
2020,Women's Azura Apore Ankle Boot Black Micro Suede,109.99,Novica
2021,Women's Azura Apore Ankle Boot Black Micro Suede,110,Novica
2016,Women's Trotters Piper Pump Black Leather,91.98,Novica
2017,Women's David Tate Bailey Black Leather by David Tate,91.98,Novica
2021,Nike Women's Air Max 1 Ultra Essentials Running Shoe,110,Novica
2020,Novica Women's Hand-crafted Beaded Cotton Silk 'Morning Princess' Tunic (India) by Novica,109.99,Novica
2014,Women's Anne Klein Kacey Wide Calf Black Leather by Anne Klein,69,Novica
2014,White Mountain Ticket Women Us 7.5 Tan Bootie Uk 5.5 Eu 38,69,Novica
2014,Women's Altra Footwear Superior 2.0 Orchid/Silver by Altra Footwear,69,Novica
2018,Women's Clarks Zyris Toledo Plain Toe Shoe Navy Cow Full Grain Leather/Textile,54.98,Novica
2014,'popcorn' Women's Bootie,91.95,Novica
2014,Heavenly Comfort C40442 Women W Round Toe Leather  Loafer,91.95,Novica
2014,Baretraps Brodee Women  Open Toe Leather  Wedge Sandal,91.95,Novica
2015,Women's Trotters Gloria Black Soft Kid,91.95,Novica
2017,Nike Women's Lunarglide 7 Running Shoe,91.95,Novica
2017,Michael Michael Kors Diana Open Toe   Open Toe Synthetic  Sandals,91.95,Novica
2018,Women's Trotters Gloria Black Soft Kid,91.95,Novica
2012,Women's Spenco Breeze Slide Blue/Penguin Mesh,54.95,Novica
2013,Women's Propet TravelActiv Bungee Lace Shoe White Nylon Mesh/Polyurethane by Propet,54.95,Novica
2013,Women's Propet TravelActiv Bungee Lace Shoe White Nylon Mesh/Polyurethane by Propet,54.95,Novica
2016,Kamik Jennifer Rain Boot - Women&#39;s,54.95,Novica
2012,Women's Bellini Bainbridge Tassel Loafer Black/White Boucle Fabric,54.95,Propet
2013,Women's Propet TravelActiv Bungee Lace Shoe White Nylon Mesh/Polyurethane by Propet,54.95,Propet
2013,Women's Propet TravelActiv Bungee Lace Shoe White Nylon Mesh/Polyurethane by Propet,54.95,Propet
2013,Women's Azura Patra Thong Sandal Black Leather,54.95,Propet
2013,Women's Azura Patra Thong Sandal Black Leather,54.95,Propet
2013,Cotton 'Summer Bouquet' Dress (India) by Novica,54.95,Propet
2013,Joules Welly Print Black Synthetic Rubber Tall Rain Boots,54.95,Propet
2013,Bcbg Bcbgeneration Womens Bg-parade Pointed Toe Dress Pump Shoe,54.95,Propet
2013,Alfani Lyrra   Peep-toe Synthetic  Heels,54.95,Propet
2013,Women's Propet TravelActiv Bungee Lace Shoe Silver Nylon Mesh/Polyurethane by Propet,54.95,Propet
2013,Women's Propet TravelActiv Bungee Lace Shoe Silver Nylon Mesh/Polyurethane by Propet,54.95,Propet
2013,Grazie Best Women  Open Toe Leather  Platform Sandal,54.95,Propet
2013,Lauren Ralph Lauren Tally Rain  Boot Ankle Rainboot Shoe - Womens,54.95,Propet
2013,Women's Fergalicious Diva Pump Black G3000 Microfiber,54.95,Propet
2013,Vans Unisex Authentic Lo Pro (glitter Textile) Casual Shoe,54.95,Propet
2013,Women's Propet TravelActiv Bungee Lace Shoe White Nylon Mesh/Polyurethane by Propet,54.95,Propet
2013,Match Slip-on Trainers,54.95,Propet
2013,Skechers On The Go Chugga Fitness Women's Shoes Size,54.95,Propet
2013,"Sky-310, 7'' Stiletto Heel Ankle Strap Sandal",54.95,Propet
2013,Women's Propet TravelActiv Bungee Lace Shoe White Nylon Mesh/Polyurethane by Propet,54.95,Propet
2013,Women's Skechers Burst Divergent High Top Black/White by Skechers,54.95,Propet
2013,Alpaca Wool 'Nostalgia' Sweater (Peru) by Novica,54.95,Propet
2013,Rayon 'Midnight Starlight' Robe (Indonesia) by Novica,54.95,Propet
2013,Women's Propet TravelActiv Bungee Lace Shoe White Nylon Mesh/Polyurethane by Propet,54.95,Propet
2014,Nike Women's Tanjun Running Shoe,54.95,Propet
2014,Women's Nomad Hog Black,54.95,Propet
2014,Nike Women's Juvenate White and Black Synthetic Running Shoes,54.95,Propet
2014,H By Hudson Kiver   Round Toe Suede  Ankle Boot,54.95,Propet
2014,Mizuno Wave Rider 19 Women  Round Toe Synthetic Blue Running Shoe,54.95,Propet
2014,Women's Altra Footwear Superior 2.0 Orchid/Silver by Altra Footwear,54.95,Propet
2014,Ann Creek Women's 'Claremont' Texture Patch Boots by Ann Creek,54.95,Propet
2014,Women's Propet TravelActiv Bungee Lace Shoe White Nylon Mesh/Polyurethane by Propet,54.95,Propet
2015,Women's Propet TravelActiv Bungee Lace Shoe White Nylon Mesh/Polyurethane by Propet,54.95,Propet
2015,Ann Creek Women's 'Abescon' Peep Toe Rhinestone Heels by Ann Creek,54.95,Propet
2015,"Adore-701-4, 7 Inch Glitter Filled Slide Sandals",54.95,Propet
2015,Klogs Boca Closed Back Unisex Clogs - Grape Kiwi Punch,54.95,Propet
2015,Women's Nina Newark Sandal Black/Silver Glitter,54.95,Propet
2015,Women's Dyeables Debutante White by Dyeables,54.95,Propet
2015,Women's Propet TravelActiv Bungee Lace Shoe Silver Nylon Mesh/Polyurethane by Propet,54.95,Propet
2015,Rayon Jersey 'Sapphire Grace' Jacket (Indonesia) by Novica,92.95,Propet
2016,Vans Unisex Authentic Slim Beads Sneakers,54.95,Propet
2016,AdTec Women's 9-inch Black Leather Logger Boots by AdTec,54.95,Propet
2016,Dolce By Mojo Moxy Hailee   Round Toe Synthetic  Heels,54.95,Propet
2016,G Antini Women's Closed Toe Platform Pumps Stiletto High Heels,54.95,Propet
2016,Ann Creek Women's 'Claremont' Texture Patch Boots by Ann Creek,54.95,Propet
2017,Women's Altra Footwear Superior 2.0 Orchid/Silver by Altra Footwear,54.95,Propet
2014,Skechers Active Ez Flex Woven Women's Slip On Sneakers Shoes Size 10,54.98,Puma
2014,Under Armour Women's UA Thrill Pink Plastic Running Shoes,65,Puma
2016,Ann Creek Women's 'Claremont' Texture Patch Boots by Ann Creek,65,Puma
2016,Women's Trotters Prima Navy Soft Nappa Leather Laser Cut,65,Puma
2017,Dunhu Delicate Patent Pu Pretty Little Young Lady's Oxfords,65,Puma
2021,Women's Azura Apore Ankle Boot Black Micro Suede,110,Puma
2013,Women's Propet TravelActiv Bungee Lace Shoe White Nylon Mesh/Polyurethane by Propet,66.99,Puma
2014,Michael Kors Women's Olivia Perforated Espadrille Wedge Sandals,69,Puma
2017,Adidas Women's Adicross White/ Royal Blue Golf Shoes by Adidas,69,Puma
2021,Seychelles Nothin' To Be Afraid of   Open Toe Leather  Platform Sandal,109.99,Puma
2014,Allegra K Women's Open Toe High Heel Metallic Ankle Strap Sandals Black (size 7.5),69,Puma
2014,Women's Bellini Brittany Tassel Loafer Black Patent,69,Puma
2017,Ellie Women's '151-Karina' Knee-high Lace-up Boots by Ellie,69,Puma
2017,Eric Michael Linette Women  Open-toe Leather  Slingback Sandal,69,Puma
2014,Ugg Australia Adirondack Boot Ii Women  Round Toe Leather  Winter Boot,92.36,Puma
2020,Bearpaw Women's Isabella White Waterproof Winter Boot,111.95,Puma
2021,Hunter Women's Bota Original Tall Gloss Navy Knee-high Rubber Rain Boot - 6m,111.95,Puma
2021,Asics Women's 33-fa Running Shoe,111.95,Puma
2015,Asics Women's Gel-Encourage LE Tennis Shoe,109.95,Puma
2014,Women's Nomad Hog Black,54.95,Puma
2019,Adidas Women's Adistar Sport White/ Matte Silver/ Wild Orchid Golf Shoes,110,Puma
2013,Women's Propet TravelActiv Bungee Lace Shoe Silver Nylon Mesh/Polyurethane by Propet,68.98,Puma
2021,Reebok Women's Zpump Fusion Running Shoes,110,Puma
2014,"Terrycloth Tread Slipper,l,pk 48 G0181002",54.95,Puma
2013,Fratelli Rossetti Artic Women  Round Toe Canvas  Sneakers,54.99,Puma
2013,Rae,67.45,Puma
2014,Women's Propet TravelActiv Bungee Lace Shoe White Nylon Mesh/Polyurethane by Propet,65,Puma
2014,"Cat By Caterpillar Colorado Women's Boots Flowers 7 M, Eu 38",54.95,Puma
2014,Women's Propet TravelActiv Bungee Lace Shoe White Nylon Mesh/Polyurethane by Propet,54.95,Puma
2015,Dr. Weil By Orthaheel Rhythm White Blue Lace-up Sneakers,54.95,Puma
2013,Elllie High Heel Boot With Buckles 511-buckleupel_s Silver,54.98,Puma
2012,Women's Lugz Grotto Ripstop 6in Work Boot Mars Red/White,51.96,Puma
2013,Vikky Winter High Tops,54.95,Puma
2014,Women's Pleaser Adore 1024RSF Open-Toe Ankle Boot Black Faux Leather-Silver/Black Matte,109.95,Puma
2014,Women's OTBT Bushnell Coffeebean,109.95,Puma
2014,Adidas Women's Superstar 80s W Originals Grey Suede Basketball Shoes,109.95,Puma
2015,Women's Trotters Gloria Black Soft Kid,109.95,Puma
2015,Women's Trotters Gloria Black Soft Kid,109.95,Puma
2016,Puma El Ace 4 Pinstripe Men  Round Toe Synthetic  Running Shoe,109.95,Puma
2016,Women's L&#x27;Artiste by Spring Step Sujala Ankle Cuff Sandal Bordeaux Leather,109.95,Puma
2016,Asics Women's Gel-Encourage LE Tennis Shoe,109.95,Puma
2016,Women's Trotters Gloria Black Soft Kid,109.95,Puma
2016,Olivia Miller Women's Bergen Thigh-high Boots,109.95,Puma
2016,Women's SoftWalk Hansford Slingback Wedge Sandal Black Laser Leather,109.95,Puma
2016,Women's L&#x27;Artiste by Spring Step Sujala Ankle Cuff Sandal Bordeaux Leather,109.95,Puma
2017,Women's Trotters Piper Pump Black Leather,109.95,Puma
2017,Muk Luks Women's Kelby Boots,109.95,Puma
2017,Mizuno Wave Creation 14   Round Toe Synthetic  Running Shoe,109.95,Puma
2017,Women's Kenneth Cole New York Frances Tassel Espadrille Navy Suede,109.95,Puma
2018,Women's Clarks Zyris Toledo Plain Toe Shoe Dark Tan Cow Full Grain Leather/Textile,109.95,Puma
2018,Women's SoftWalk Hansford Slingback Wedge Sandal Black Laser Leather,109.95,Puma
2018,Women's Trotters Gloria Black Soft Kid,109.95,Puma
2018,Vibram Komodo Sport   Round Toe Leather  Walking Shoe,109.95,Puma
2019,Montrail Fluid Fusion Outdry Women  Round Toe Canvas  Sneakers,110,Puma
2020,Coconuts By Matisse Women's Reno Black Studded Ankle Boot,110,Puma
2020,Women's Bearpaw Isabella Boot Hickory II,110,Puma
2013,Women's Naturalizer Kaneli Peep Toe Heel Mushroom Capri Nappa Leather,51.96,Spenco
2013,Women's Propet TravelActiv Bungee Lace Shoe White Nylon Mesh/Polyurethane by Propet,51.96,Spenco
2013,Ann Creek Women's 'Claremont' Texture Patch Boots by Ann Creek,51.96,Spenco
2013,Birkenstock Boston Women N/s Round Toe Suede Green Clogs,51.96,Spenco
2013,Cotton 'Wine Delight' Blouse (India) by Novica,51.96,Spenco
2014,Women's Spenco Breeze Slide Blue/Penguin Mesh,51.96,Spenco
2015,Penny Loves Kenny Captive Women  Open Toe Synthetic  Wedge Heel,51.96,Spenco
2014,Carlos Santana Sydney Women Us 5.5 White Thong Sandal,68.99,Spenco
2017,Women's SoftWalk Hansford Slingback Wedge Sandal Black Laser Leather,68.99,Spenco
2016,Lauren Ralph Lauren Luna Leather Sandals,91.36,Spenco
2014,Giani Bernini Kat   Round Toe Synthetic  Flats,69,Spenco
2021,Jessica Simpson Women's Dacia Suede Dark Olive Ankle-high Suede Boot - 7m,110,Spenco
2021,Style & Co Marteen Women Us 9.5 Black Knee High Boot,110.66,Spenco
2016,Women's Carlos by Carlos Santana Cornelia Strappy Sandal Black Fabric,65,Spenco
2021,Vince Camuto Princey Women  Open Toe Canvas Silver Platform Sandal,110,Spenco
2020,Women's David Tate Lace Floral Calfskin,109.99,Spenco
2016,Women's Clarks Zyris Toledo Plain Toe Shoe Black Cow Full Grain Leather,92.76,Spenco
2021,Asics Women's 33-fa Running Shoe,111.95,Spenco
2014,Adidas Women's Adistar Sport White/ Matte Silver/ Wild Orchid Golf Shoes,69,Spenco
2013,Acorn Women Wearabout Moc Slippers,49.99,Spenco
2013,Women's Soft Style Deslyn Pump Bone Vitello Synthetic,68.96,Spenco
2013,New Balance W840  D Round Toe Synthetic  Walking Shoe,66.99,Spenco
2015,Walking Cradles Cloud  W Round Toe Leather  Clogs,66.99,Spenco
2013,Converse Chuck Taylor All Star High Little Kid's/big Kid's Boots Black/thunder 654312c,65,Spenco
2012,Women's Lugz Grotto Ballistic 6in Work Boot Potion/White,49.99,Spenco
2014,Big Buddha Women 'reese' Ankle Boot Shoe,49.99,Spenco
2013,Michael Antonio Garabi-low Women Us 8.5 Tan Wedge Sandal,92.95,Trotters
2014,Adidas Women's Adistar Sport White/ Matte Silver/ Wild Orchid Golf Shoes,90.45,Trotters
2014,Penny Loves Kenny Sioux Women  Open Toe Suede Blue Gladiator Sandal,90.45,Trotters
2014,Women's Vendy Ii,92.95,Trotters
2015,Women's Trotters Gloria Black Soft Kid,92.95,Trotters
2015,Women's Trotters Gloria Black Soft Kid,92.95,Trotters
2015,Women's Trotters Gloria Black Soft Kid,92.95,Trotters
2015,Vivobarefoot Ultra L   Round Toe Synthetic  Sneakers,92.95,Trotters
2015,Women's Nomad Hog Black,92.95,Trotters
2015,Women's J. Renee Bilboa Pointed Toe Pump Pastel Multi Rose Harlequin Glitter Fabric,92.95,Trotters
2015,Women's Trotters Gloria Black Soft Kid,92.95,Trotters
2015,Adidas Women's Alphabounce EM Running Shoes,92.95,Trotters
2015,Women's Trotters Gloria Black Soft Kid,92.95,Trotters
2015,Nike Women's Air Zoom Fit 2 Pure Platinum/Brightt Mango/Grey/White Training Shoe,90.45,Trotters
2015,Women's Trotters Gloria Black Soft Kid,92.95,Trotters
2015,Women's Trotters Gloria Black Soft Kid,92.95,Trotters
2015,Women's Clarks Zyris Toledo Plain Toe Shoe Black Cow Full Grain Leather,92.95,Trotters
2016,Adidas Women's Alphabounce EM Running Shoes,92.95,Trotters
2016,Women's Cotton 'Spring Mint' Sweater (Guatemala) by Novica,92.95,Trotters
2016,Vans Unisex Authentic Slim Beads Sneakers,109.95,Trotters
2016,Women's L&#x27;Artiste by Spring Step Sujala Ankle Cuff Sandal Bordeaux Leather,92.95,Trotters
2016,Lunar Cross Element Womens Obsidian/magenta/jade/grape Training Sneakers,92.95,Trotters
2016,Montrail Women Rogue F.k.t. Sneakers,92.95,Trotters
2016,Rayon Jersey 'Sapphire Grace' Jacket (Indonesia) by Novica,92.95,Trotters
2016,Women's Trotters Piper Pump Black Leather,92.95,Trotters
2016,Nike Women's Zoom Vomero 9 Running Shoes,109.95,Trotters
2017,Nine West Shy Girl Women  Pointed Toe Synthetic  Flats,90.45,Trotters
2017,Women's Trotters Gloria Black Soft Kid,92.95,Trotters
2017,Women's Hades Razor Sandal Black Polyurethane,92.95,Trotters
2017,Women's Flexus by Spring Step Sofran Slip-on Black Leather,92.95,Trotters
2017,Asics Women's Gel-Encourage LE Tennis Shoe,92.95,Trotters
2017,Women's Pleaser Adore 1024RSF Open-Toe Ankle Boot Black Faux Leather-Silver/Black Matte,92.95,Trotters
2017,Women's Clarks Zyris Toledo Plain Toe Shoe Navy Cow Full Grain Leather/Textile,92.95,Trotters
2017,Asics Women's Gel-Encourage LE Tennis Shoe,92.95,Trotters
2017,Women's Clarks Zyris Toledo Plain Toe Shoe Navy Cow Full Grain Leather/Textile,92.95,Trotters
2017,Asics Women's Gel-Encourage LE Tennis Shoe,92.95,Trotters
2018,Women's Clarks Zyris Toledo Plain Toe Shoe Black Cow Full Grain Leather,92.95,Trotters
2018,Women's SoftWalk Hansford Slingback Wedge Sandal Black Laser Leather,92.95,Trotters
2018,Women's Trotters Gloria Black Soft Kid,92.95,Trotters
2018,Women's Trotters Gloria Black Soft Kid,92.95,Trotters
2018,Women's Clarks Zyris Toledo Plain Toe Shoe Dark Tan Cow Full Grain Leather/Textile,109.95,Trotters
2018,Women's SoftWalk Hansford Slingback Wedge Sandal Black Laser Leather,109.95,Trotters
2019,Women's SoftWalk Hansford Slingback Wedge Sandal Black Laser Leather,92.95,Trotters
2019,Women's SoftWalk Hansford Slingback Wedge Sandal Black Laser Leather,92.95,Trotters
2019,Women's SoftWalk Hansford Slingback Wedge Sandal Black Laser Leather,109.95,Trotters
2020,Carlos By Carlos Santana Posy Women  Pointed Toe Canvas  Heels,109.99,Trotters
2014,Callisto Flora Women  Open Toe Synthetic  Wedge Sandal,65,Trotters
2016,Adidas Women's Adicross IV Black/ Onix/ Flash Red Golf Shoes by Adidas,68.99,Trotters
2016,Women's Altra Footwear Superior 2.0 Orchid/Silver by Altra Footwear,68.99,Trotters
2020,Balinese Sea Handmade Artisan Designer Cotton Blue White Batik Women's Clothing Fashion Garden Party Swing Dress (Indonesia),109.99,Trotters
2016,Michael Michael Kors Women's Wendy Mid Heel Strappy Sandals,68.99,Trotters
2017,Asics Women's Gel-Encourage LE Tennis Shoe,68.99,Trotters
2015,Women's Propet TravelActiv Bungee Lace Shoe White Nylon Mesh/Polyurethane by Propet,54.95,Trotters
2013,Women's Propet TravelActiv Bungee Lace Shoe White Nylon Mesh/Polyurethane by Propet,65,VANS
2013,Women's Propet TravelActiv Bungee Lace Shoe White Nylon Mesh/Polyurethane by Propet,65,VANS
2013,Women's Propet TravelActiv Bungee Lace Shoe White Nylon Mesh/Polyurethane by Propet,54.95,VANS
2013,Women's Propet TravelActiv Bungee Lace Shoe White Nylon Mesh/Polyurethane by Propet,65,VANS
2013,Soda Bio-s Women's Criss Cross Ankle Strap Side Zipper Riding Boots,65,VANS
2014,Toms Women's Classic Wedge Casual Shoe,54.95,VANS
2014,Muk Luks Women's Jill Wedge Sandals,65,VANS
2014,Indigo Rd. Genetic Women  Open Toe Canvas Multi Color Sandals,65,VANS
2015,Toms Women's Bella Skyway Blue Suede Espadrille Sandals,65,VANS
2017,French Sole Women's Naught Flats Shoes,54.95,VANS
2020,New Balance Wt980 Women  Round Toe Synthetic Multi Color Trail Running,110.95,VANS
2020,Nike Women's Air Zoom Wildhorse 3 Running Shoe,110,VANS
2015,Women's Trotters Gloria Black Soft Kid,91.99,VANS
2014,Luxury Rebel Kera Women  Round Toe Suede Purple Ankle Boot,68.99,VANS
2020,Very Volatile Moffit Women  Round Toe Leather  Ankle Boot,109.99,VANS
2020,Teva Women's Tirra Athletic Sandal,110,VANS
2020,Women's X Lite St Cmf Training Shoe,110,VANS
2021,Nike Women's Air Max Tailwind 8 Running Shoe,110,VANS
2014,Unique Bargains Women's Round Toe Chunky High Heel Platform Pumps,68.98,VANS
2012,Women's Naturalizer Kaneli Peep Toe Heel Mushroom Capri Nappa Leather,66.99,VANS
2013,Women's Diba True This N That Ankle Strap Thong Sandal Beige Snake Leather,66.99,VANS
2014,Cotton 'Bali Blue' Batik Dress (Indonesia) by Novica,69,VANS
2020,Asics Women's 33-fa Running Shoe,110,VANS
2015,Women's Nomad Noosa Slide Gold/Black,54.98,VANS
2016,Asics Women's Gel-Encourage LE Tennis Shoe,92.52,VANS
2019,Softwalk Women's Nadia Ballet Flat,111.27,VANS
2021,Patagonia Solimar Slide   Open Toe Leather  Wedge Sandal,111.27,VANS
